Year,1950,1950,1950,1951,1951,1951,1952,1952,1952,1953,1953,1953,1954,1954,1954,1955,1955,1955,1956,1956,1956,1957,1957,1957,1958,1958,1958,1959,1959,1959,1960,1960,1960,1961,1961,1961,1962,1962,1962,1963,1963,1963,1964,1964,1964,1965,1965,1965,1966,1966,1966,1967,1967,1967,1968,1968,1968,1969,1969,1969,1970,1970,1970,1971,1971,1971,1972,1972,1972,1973,1973,1973,1974,1974,1974,1975,1975,1975,1976,1976,1976,1977,1977,1977,1978,1978,1978,1979,1979,1979,1980,1980,1980,1981,1981,1981,1982,1982,1982,1983,1983,1983,1984,1984,1984,1985,1985,1985,1986,1986,1986,1987,1987,1987,1988,1988,1988,1989,1989,1989,1990,1990,1990,1991,1991,1991,1992,1992,1992,1993,1993,1993,1994,1994,1994,1995,1995,1995,1996,1996,1996,1997,1997,1997,1998,1998,1998,1999,1999,1999
Gender,All,Female,Male,All,Female,Male,All,Female,Male,All,Female,Male,All,Female,Male,All,Female,Male,All,Female,Male,All,Female,Male,All,Female,Male,All,Female,Male,All,Female,Male,All,Female,Male,All,Female,Male,All,Female,Male,All,Female,Male,All,Female,Male,All,Female,Male,All,Female,Male,All,Female,Male,All,Female,Male,All,Female,Male,All,Female,Male,All,Female,Male,All,Female,Male,All,Female,Male,All,Female,Male,All,Female,Male,All,Female,Male,All,Female,Male,All,Female,Male,All,Female,Male,All,Female,Male,All,Female,Male,All,Female,Male,All,Female,Male,All,Female,Male,All,Female,Male,All,Female,Male,All,Female,Male,All,Female,Male,All,Female,Male,All,Female,Male,All,Female,Male,All,Female,Male,All,Female,Male,All,Female,Male,All,Female,Male,All,Female,Male,All,Female,Male,All,Female,Male
0,19310,9303,10007,18841,9042,9799,19356,9298,10058,19563,9458,10105,19239,9260,9979,20441,9835,10606,20038,9784,10254,19242,9326,9916,19022,9173,9849,18986,9199,9787,19610,9527,10083,19854,9674,10180,20027,9881,10146,19766,9473,10293,19089,9269,9820,19492,9363,10129,18683,9186,9497,18444,8998,9446,18638,9233,9405,19686,9559,10127,19309,9458,9851,21263,10484,10779,21756,10519,11237,21591,10530,11061,20889,10172,10717,21278,10481,10797,21263,10307,10956,21560,10659,10901,21913,10655,11258,21348,10542,10806,21731,10481,11250,22088,10746,11342,22717,11003,11714,22904,11192,11712,23819,11644,12175,23939,11807,12132,23516,11588,11928,23831,11610,12221,24849,12043,12806,24601,12189,12412,24006,11637,12369,22041,10689,11352,18956,9224,9732,17571,8545,9026,14794,7116,7678,13760,6756,7004,13192,6430,6762,12981,6320,6661,12326,5931,6395,11911,5761,6150
1,18162,8856,9306,18251,8889,9362,17743,8609,9134,18368,8910,9458,19069,9291,9778,18473,8939,9534,19534,9473,10061,19631,9644,9987,18649,9121,9528,18405,8927,9478,19030,9228,9802,19601,9577,10024,20071,9823,10248,20241,9993,10248,20021,9621,10400,19257,9353,9904,19734,9495,10239,18855,9232,9623,18538,9028,9510,18794,9336,9458,19954,9690,10264,19862,9735,10127,21737,10685,11052,22032,10652,11380,21987,10746,11241,21253,10328,10925,21641,10644,10997,21554,10500,11054,21836,10791,11045,22182,10816,11366,21537,10601,10936,21974,10608,11366,22260,10851,11409,22829,11071,11758,23061,11260,11801,23961,11715,12246,24054,11853,12201,23746,11738,12008,23989,11715,12274,24888,12091,12797,24542,12179,12363,23858,11577,12281,21841,10587,11254,18506,8995,9511,17332,8441,8891,14589,7019,7570,13602,6686,6916,13053,6372,6681,12839,6253,6586,12178,5855,6323
2,16928,8178,8750,18209,8863,9346,18295,8882,9413,17744,8595,9149,18500,8948,9552,19103,9289,9814,18466,8932,9534,19519,9513,10006,19683,9662,10021,18683,9135,9548,18483,8950,9533,19011,9207,9804,19725,9630,10095,20238,9895,10343,20313,10028,10285,20211,9711,10500,19355,9406,9949,19802,9528,10274,18878,9272,9606,18687,9108,9579,18941,9389,9552,20134,9771,10363,20094,9838,10256,21861,10770,11091,22132,10727,11405,22128,10808,11320,21337,10372,10965,21700,10659,11041,21700,10612,11088,21933,10853,11080,22244,10851,11393,21711,10690,11021,22123,10735,11388,22480,10968,11512,22949,11131,11818,23090,11328,11762,24145,11808,12337,24255,11981,12274,23896,11813,12083,23978,11693,12285,24871,12085,12786,24387,12087,12300,23633,11454,12179,21220,10279,10941,18196,8854,9342,17140,8352,8788,14471,6966,7505,13487,6628,6859,12946,6326,6620,12746,6210,6536
3,16540,8117,8423,17059,8274,8785,18271,8919,9352,18355,8932,9423,17880,8693,9187,18551,8986,9565,19106,9301,9805,18515,9003,9512,19559,9541,10018,19703,9676,10027,18678,9160,9518,18493,9009,9484,19172,9304,9868,19921,9746,10175,20270,9928,10342,20454,10104,10350,20249,9741,10508,19416,9466,9950,19802,9536,10266,18912,9269,9643,18828,9174,9654,19007,9413,9594,20364,9908,10456,20289,9929,10360,21905,10781,11124,22136,10727,11409,22214,10851,11363,21388,10413,10975,21773,10710,11063,21755,10631,11124,21976,10831,11145,22304,10867,11437,21856,10763,11093,22182,10796,11386,22601,11052,11549,22950,11135,11815,23204,11379,11825,24314,11902,12412,24349,12048,12301,23927,11842,12085,23936,11675,12261,24683,11980,12703,24161,11968,12193,22828,11054,11774,20795,10074,10721,17947,8745,9202,16987,8282,8705,14375,6926,7449,13414,6598,6816,12868,6292,6576
4,13620,6680,6940,16735,8201,8534,17211,8343,8868,18368,8962,9406,18546,9015,9531,17962,8731,9231,18586,9002,9584,19146,9356,9790,18568,9026,9542,19607,9566,10041,19655,9641,10014,18704,9223,9481,18685,9108,9577,19346,9383,9963,20062,9817,10245,20457,10016,10441,20553,10137,10416,20333,9776,10557,19480,9484,9996,19917,9580,10337,19022,9304,9718,18990,9276,9714,19064,9448,9616,20444,9913,10531,20412,9988,10424,21957,10798,11159,22181,10763,11418,22300,10911,11389,21485,10488,10997,21806,10737,11069,21756,10616,11140,22066,10884,11182,22383,10899,11484,22021,10873,11148,22197,10819,11378,22634,11078,11556,23034,11185,11849,23339,11441,11898,24365,11926,12439,24328,12059,12269,23886,11816,12070,23773,11582,12191,24428,11845,12583,23407,11563,11844,22381,10840,11541,20504,9929,10575,17773,8672,9101,16863,8225,8638,14317,6904,7413,13329,6562,6767
5,13204,6552,6652,13835,6795,7040,16891,8288,8603,17325,8412,8913,18579,9082,9497,18638,9067,9571,18011,8759,9252,18664,9089,9575,19211,9395,9816,18628,9055,9573,19632,9625,10007,19610,9634,9976,18846,9322,9524,18856,9208,9648,19569,9502,10067,20253,9899,10354,20566,10070,10496,20653,10212,10441,20384,9822,10562,19565,9516,10049,20053,9659,10394,19146,9343,9803,19063,9354,9709,19056,9450,9606,20542,9999,10543,20601,10077,10524,22007,10847,11160,22152,10751,11401,22318,10941,11377,21470,10495,10975,21834,10773,11061,21826,10643,11183,22186,10926,11260,22417,10916,11501,22056,10877,11179,22219,10843,11376,22706,11110,11596,23091,11249,11842,23367,11480,11887,24284,11927,12357,24265,12033,12232,23734,11736,11998,23524,11464,12060,23540,11436,12104,22936,11311,11625,22098,10705,11393,20301,9843,10458,17636,8603,9033,16785,8189,8596,14270,6888,7382
6,12928,6280,6648,13342,6610,6732,13933,6835,7098,16965,8315,8650,17456,8462,8994,18634,9103,9531,18662,9076,9586,18038,8795,9243,18696,9103,9593,19244,9409,9835,18583,9025,9558,19478,9548,9930,19700,9678,10022,19009,9405,9604,19068,9307,9761,19679,9559,10120,20358,9945,10413,20670,10133,10537,20650,10233,10417,20493,9904,10589,19737,9630,10107,20206,9766,10440,19290,9425,9865,19125,9406,9719,19089,9469,9620,20635,10056,10579,20743,10151,10592,22038,10877,11161,22169,10778,11391,22330,10936,11394,21528,10512,11016,21903,10829,11074,21930,10665,11265,22264,10965,11299,22452,10927,11525,22111,10880,11231,22310,10894,11416,22766,11140,11626,23132,11286,11846,23319,11470,11849,24233,11892,12341,24131,11967,12164,23507,11617,11890,22701,11048,11653,23049,11196,11853,22639,11130,11509,21886,10611,11275,20129,9762,10367,17559,8565,8994,16728,8160,8568
7,14975,7361,7614,13150,6387,6763,13523,6695,6828,14079,6902,7177,17181,8416,8765,17548,8506,9042,18686,9126,9560,18725,9149,9576,18103,8827,9276,18750,9131,9619,19207,9411,9796,18512,9009,9503,19568,9586,9982,19843,9752,10091,19200,9483,9717,19304,9415,9889,19852,9639,10213,20495,10003,10492,20697,10175,10522,20770,10285,10485,20600,9954,10646,19869,9692,10177,20214,9773,10441,19252,9437,9815,19143,9423,9720,18998,9437,9561,20641,10076,10565,20846,10200,10646,21990,10880,11110,22098,10756,11342,22382,10935,11447,21586,10513,11073,21855,10814,11041,21940,10672,11268,22247,10955,11292,22463,10930,11533,22197,10904,11293,22363,10914,11449,22804,11175,11629,23082,11266,11816,23286,11470,11816,24098,11835,12263,23910,11851,12059,22696,11199,11497,22169,10769,11400,22717,11025,11692,22404,11000,11404,21695,10522,11173,20044,9715,10329,17489,8542,8947
8,18242,8891,9351,15170,7447,7723,13298,6456,6842,13640,6749,6891,14259,6986,7273,17259,8456,8803,17598,8530,9068,18742,9186,9556,18777,9173,9604,18150,8848,9302,18734,9093,9641,19073,9335,9738,18543,9018,9525,19699,9659,10040,20029,9859,10170,19372,9549,9823,19472,9511,9961,19943,9677,10266,20551,10040,10511,20759,10244,10515,20849,10323,10526,20689,9964,10725,19967,9725,10242,20212,9785,10427,19193,9397,9796,19116,9419,9697,18948,9413,9535,20648,10072,10576,20967,10263,10704,21958,10826,11132,22126,10767,11359,22445,10960,11485,21649,10541,11108,21841,10787,11054,21886,10664,11222,22285,11002,11283,22452,10931,11521,22329,10983,11346,22370,10935,11435,22744,11179,11565,23022,11236,11786,23174,11409,11765,23890,11722,12168,23075,11423,11652,22148,10916,11232,21829,10607,11222,22441,10905,11536,22152,10872,11280,21600,10478,11122,19964,9671,10293
9,16259,7911,8348,18345,8943,9402,15256,7492,7764,13365,6488,6877,13759,6811,6948,14311,7015,7296,17282,8467,8815,17623,8566,9057,18770,9204,9566,18804,9188,9616,18052,8738,9314,18658,9046,9612,19040,9297,9743,18619,9071,9548,19813,9722,10091,20150,9916,10234,19455,9608,9847,19581,9567,10014,19986,9705,10281,20630,10072,10558,20749,10247,10502,20958,10378,10580,20825,10033,10792,20002,9736,10266,20186,9776,10410,19137,9401,9736,19103,9400,9703,18879,9366,9513,20672,10077,10595,21055,10307,10748,21989,10832,11157,22201,10806,11395,22516,10968,11548,21746,10578,11168,21844,10797,11047,21906,10679,11227,22367,11030,11337,22524,10956,11568,22378,11022,11356,22318,10918,11400,22706,11152,11554,22900,11167,11733,22937,11297,11640,23060,11318,11742,22579,11178,11401,21794,10729,11065,21546,10470,11076,22171,10777,11394,22051,10826,11225,21512,10432,11080
10,16908,8317,8591,16349,7978,8371,18419,8994,9425,15322,7542,7780,13472,6565,6907,13798,6843,6955,14330,7030,7300,17324,8520,8804,17652,8588,9064,18791,9225,9566,18786,9142,9644,17905,8642,9263,18673,9033,9640,19072,9288,9784,18642,9099,9543,19939,9818,10121,20226,9977,10249,19517,9627,9890,19678,9618,10060,20079,9760,10319,20665,10106,10559,20944,10319,10625,21086,10425,10661,20891,10036,10855,20007,9753,10254,20172,9771,10401,19120,9391,9729,19096,9432,9664,18860,9373,9487,20724,10116,10608,21044,10291,10753,22055,10862,11193,22252,10816,11436,22641,11029,11612,21788,10579,11209,21877,10814,11063,21998,10725,11273,22430,11063,11367,22547,10966,11581,22409,11038,11371,22267,10884,11383,22586,11087,11499,22711,11070,11641,22121,10883,11238,22519,11047,11472,22251,11011,11240,21516,10586,10930,21304,10355,10949,22059,10720,11339,21963,10773,11190
11,17768,8518,9250,16981,8350,8631,16404,8004,8400,18460,9012,9448,15401,7577,7824,13503,6578,6925,13821,6852,6969,14345,7053,7292,17345,8528,8817,17664,8594,9070,18691,9121,9570,18682,9042,9640,17883,8631,9252,18803,9060,9743,19095,9272,9823,18666,9098,9568,19964,9820,10144,20299,10023,10276,19537,9642,9895,19852,9710,10142,20016,9750,10266,20799,10147,10652,21082,10346,10736,21082,10424,10658,20862,10038,10824,19989,9757,10232,20119,9768,10351,19099,9389,9710,19122,9460,9662,18856,9381,9475,20674,10077,10597,21069,10306,10763,22056,10881,11175,22277,10811,11466,22707,11050,11657,21840,10603,11237,21940,10846,11094,22034,10741,11293,22485,11087,11398,22465,10940,11525,22353,11019,11334,22146,10829,11317,22398,10984,11414,21983,10708,11275,21621,10638,10983,22204,10889,11315,21992,10875,11117,21228,10451,10777,21174,10304,10870,21973,10675,11298
12,17810,8410,9400,17861,8572,9289,17050,8397,8653,16466,8047,8419,18561,9071,9490,15443,7604,7839,13527,6595,6932,13860,6895,6965,14375,7070,7305,17369,8545,8824,17546,8495,9051,18503,9000,9503,18681,9009,9672,17946,8610,9336,18914,9099,9815,19176,9296,9880,18662,9106,9556,19986,9826,10160,20262,9999,10263,19597,9663,9934,19845,9715,10130,20175,9807,10368,20911,10167,10744,21206,10360,10846,21105,10460,10645,20911,10056,10855,20018,9775,10243,20102,9769,10333,19036,9368,9668,19151,9492,9659,18843,9370,9473,20671,10058,10613,21115,10330,10785,22143,10896,11247,22340,10840,11500,22756,11048,11708,21931,10640,11291,21972,10851,11121,22065,10769,11296,22483,11084,11399,22425,10919,11506,22221,10956,11265,21949,10733,11216,21615,10602,11013,21487,10446,11041,21292,10482,10810,21940,10762,11178,21748,10749,10999,21118,10391,10727,21073,10252,10821
13,16212,8272,7940,17896,8453,9443,17931,8605,9326,17098,8423,8675,16554,8088,8466,18594,9086,9508,15462,7613,7849,13551,6622,6929,13883,6908,6975,14403,7084,7319,17125,8426,8699,17339,8383,8956,18428,8929,9499,18753,9001,9752,17964,8587,9377,19096,9124,9972,19157,9310,9847,18671,9087,9584,20008,9838,10170,20364,10040,10324,19558,9663,9895,19702,9494,10208,20302,9881,10421,21008,10178,10830,21265,10352,10913,21124,10486,10638,20934,10087,10847,20078,9778,10300,20082,9771,10311,19033,9366,9667,19127,9451,9676,18946,9416,9530,20644,10012,10632,21133,10348,10785,22146,10902,11244,22446,10890,11556,22845,11067,11778,21991,10657,11334,21962,10862,11100,22019,10768,11251,22388,11044,11344,22286,10852,11434,21988,10851,11137,21186,10352,10834,21013,10303,10710,21153,10252,10901,21041,10355,10686,21681,10633,11048,21640,10693,10947,21021,10341,10680
14,14309,7083,7226,16445,8412,8033,18089,8564,9525,18073,8694,9379,17323,8554,8769,16656,8146,8510,18644,9120,9524,15550,7712,7838,13619,6663,6956,13950,6949,7001,14338,7145,7193,16961,8444,8517,17335,8355,8980,18450,8891,9559,18873,9014,9859,18034,8575,9459,19129,9109,10020,19188,9303,9885,18617,9078,9539,20066,9855,10211,20167,9951,10216,19137,9222,9915,19708,9487,10221,20307,9886,10421,20944,10099,10845,21305,10337,10968,21111,10462,10649,20946,10075,10871,20065,9762,10303,20026,9760,10266,19047,9367,9680,19183,9467,9716,19019,9440,9579,20655,10033,10622,21141,10347,10794,22170,10912,11258,22552,10924,11628,22925,11108,11817,22054,10682,11372,21893,10846,11047,21948,10737,11211,22264,10983,11281,22089,10759,11330,21188,10452,10736,20584,10032,10552,20573,10080,10493,20882,10112,10770,20783,10229,10554,21591,10592,10999,21544,10638,10906
15,13478,6810,6668,15268,7588,7680,17210,8814,8396,18706,8892,9814,18973,9176,9797,17754,8780,8974,16914,8285,8629,18983,9470,9513,15852,7875,7977,13880,6803,7077,14365,7132,7233,14487,7267,7220,17169,8606,8563,17771,8476,9295,18955,9189,9766,19174,9171,10003,18260,8703,9557,19316,9145,10171,18874,9385,9489,18745,9079,9666,20032,9860,10172,19830,9516,10314,19309,9324,9985,19778,9501,10277,20302,9903,10399,20976,10068,10908,21241,10286,10955,20918,10388,10530,20757,10034,10723,19818,9662,10156,19731,9637,10094,18792,9265,9527,19079,9414,9665,18925,9408,9517,20480,9905,10575,21038,10351,10687,21993,10843,11150,22367,10818,11549,22809,11017,11792,21769,10643,11126,21760,10771,10989,21776,10649,11127,22021,10878,11143,21275,10355,10920,20501,10086,10415,20172,9811,10361,20263,9925,10338,20619,9991,10628,20662,10164,10498,21500,10547,10953
16,14605,7483,7122,14496,7263,7233,16093,7960,8133,17872,9114,8758,19670,9320,10350,19431,9385,10046,18034,8906,9128,17219,8598,8621,19308,9618,9690,16128,7996,8132,14135,6936,7199,14531,7154,7377,14524,7342,7182,17406,8719,8687,18394,8731,9663,19583,9429,10154,19563,9355,10208,18758,8900,9858,19480,9203,10277,19197,9490,9707,19038,9227,9811,19524,9106,10418,20254,9738,10516,19783,9581,10202,20012,9613,10399,20547,9969,10578,21129,10062,11067,21310,10333,10977,20785,10342,10443,20696,9987,10709,20217,9935,10282,19713,9634,10079,18965,9302,9663,19172,9396,9776,18891,9374,9517,20552,9965,10587,21227,10441,10786,22096,10872,11224,22498,10855,11643,22504,11023,11481,21674,10612,11062,21587,10677,10910,21562,10535,11027,21296,10506,10790,20598,10018,10580,20022,9839,10183,19871,9647,10224,19966,9787,10179,20489,9923,10566,20568,10125,10443
17,15928,8373,7555,15252,7773,7479,15019,7496,7523,16507,8143,8364,18484,9394,9090,19958,9453,10505,19607,9465,10142,18223,9105,9118,17423,8694,8729,19479,9693,9786,16473,8088,8385,14140,6945,7195,14603,7182,7421,14476,7352,7124,17412,8767,8645,18659,8931,9728,19999,9546,10453,20479,9562,10917,19372,9019,10353,20227,9416,10811,19685,9702,9983,18993,8842,10151,20013,9381,10632,20560,9916,10644,19998,9671,10327,20154,9660,10494,20728,10028,10700,21112,9967,11145,21336,10266,11070,20829,10283,10546,20603,9837,10766,20196,9866,10330,19839,9592,10247,18964,9205,9759,19088,9236,9852,18906,9313,9593,20484,9857,10627,21004,10250,10754,21794,10637,11157,22029,10613,11416,22081,10786,11295,21329,10439,10890,21186,10486,10700,20896,10208,10688,20543,10140,10403,20082,9776,10306,19655,9656,9999,19598,9509,10089,19815,9719,10096,20361,9859,10502
18,15788,8444,7344,16729,8774,7955,15910,8104,7806,15543,7763,7780,17284,8535,8749,18842,9579,9263,20172,9569,10603,19878,9748,10130,18472,9235,9237,17639,8804,8835,20568,9848,10720,17151,8162,8989,14765,6966,7799,15078,7270,7808,15459,7485,7974,18274,8823,9451,19754,9366,10388,21358,9670,11688,22011,9767,12244,20525,9179,11346,21316,9663,11653,20722,10210,10512,19670,9082,10588,20693,9613,11080,21174,10023,11151,20610,9760,10850,20651,9601,11050,21241,10019,11222,21653,9967,11686,21945,10278,11667,20990,10010,10980,21430,9944,11486,20784,9818,10966,20435,9563,10872,19590,9183,10407,19546,9189,10357,19374,9192,10182,21035,9805,11230,21494,10151,11343,22286,10468,11818,21890,10549,11341,21966,10765,11201,21087,10324,10763,20674,10244,10430,20241,9888,10353,19984,9862,10122,19740,9610,10130,19341,9495,9846,19435,9433,10002,19680,9654,10026
19,16885,9117,7768,16516,8844,7672,17333,9109,8224,16391,8376,8015,16284,8170,8114,17616,8720,8896,19042,9693,9349,20443,9859,10584,20113,9877,10236,18671,9347,9324,18031,8945,9086,20249,9886,10363,17158,8346,8812,14720,7198,7522,15142,7462,7680,15252,7551,7701,18895,9023,9872,19517,9436,10081,21149,9690,11459,22248,9998,12250,20608,9376,11232,22252,10330,11922,21586,10244,11342,20652,9347,11305,21788,9851,11937,22165,10193,11972,21516,9836,11680,21705,9769,11936,22303,10228,12075,22791,10254,12537,23524,10525,12999,22642,10294,12348,22753,10024,12729,22151,9919,12232,21852,9675,12177,21013,9276,11737,20923,9246,11677,20851,9331,11520,22415,9888,12527,23108,10205,12903,22314,10538,11776,21853,10605,11248,21785,10680,11105,20633,10093,10540,20136,10018,10118,19698,9644,10054,19600,9682,9918,19442,9468,9974,19163,9414,9749,19297,9371,9926
20,15347,8498,6849,17806,9567,8239,17256,9198,8058,17932,9393,8539,17298,8808,8490,16697,8371,8326,17861,8840,9021,19330,10004,9326,20735,10002,10733,20354,9997,10357,19563,9594,9969,18473,9037,9436,20971,10241,10730,17765,8566,9199,15238,7441,7797,15480,7549,7931,16261,7550,8711,19000,9029,9971,19789,9572,10217,21485,9742,11743,22894,10294,12600,20744,10097,10647,21721,10509,11212,21249,10495,10754,20429,9617,10812,21586,10186,11400,22034,10569,11465,21371,10142,11229,21478,10110,11368,22149,10582,11567,21687,10563,11124,22032,10873,11159,21201,10706,10495,21247,10275,10972,20539,10130,10409,20276,9935,10341,19394,9580,9814,19275,9439,9836,19189,9529,9660,21068,10024,11044,23159,10280,12879,22320,10566,11754,21748,10590,11158,21335,10479,10856,20014,9814,10200,19646,9794,9852,19337,9487,9850,19295,9551,9744,19242,9383,9859,19017,9345,9672
21,17316,10255,7061,16158,8935,7223,18445,9927,8518,17767,9481,8286,18714,9826,8888,17660,9008,8652,16888,8486,8402,18128,9150,8978,19571,10142,9429,20939,10117,10822,19680,10176,9504,19188,9758,9430,18035,9233,8802,20688,10511,10177,17294,8775,8519,14603,7526,7077,15085,7652,7433,15403,7566,7837,18280,9127,9153,19202,9635,9567,21293,9961,11332,22691,10731,11960,21019,10260,10759,22113,10655,11458,21720,10724,10996,20797,9827,10970,22124,10523,11601,22648,10868,11780,22011,10554,11457,21816,10450,11366,22245,10958,11287,22272,10851,11421,22685,11200,11485,21852,11012,10840,21819,10569,11250,21009,10330,10679,20705,10146,10559,19912,9818,10094,19678,9606,10072,19758,9732,10026,21159,10092,11067,23224,10328,12896,21904,10544,11360,21351,10402,10949,20679,10186,10493,19484,9566,9918,19318,9663,9655,19058,9365,9693,19091,9462,9629,19091,9313,9778
22,15206,8748,6458,18601,10746,7855,17204,9350,7854,19266,10253,9013,19019,9968,9051,19287,10049,9238,17998,9146,8852,17185,8840,8345,18536,9314,9222,19921,10281,9640,20433,10349,10084,19982,10271,9711,19827,10110,9717,18501,9503,8998,21161,10746,10415,17728,9007,8721,15490,7574,7916,15329,7679,7650,15601,7610,7991,18902,9270,9632,20188,9782,10406,22030,10433,11597,23424,10953,12471,21710,10445,11265,22908,10928,11980,22498,10895,11603,21638,10156,11482,23067,10939,12128,23581,11291,12290,22805,10920,11885,22502,10802,11700,22921,11300,11621,22966,11149,11817,23297,11493,11804,22558,11297,11261,22521,10859,11662,21685,10587,11098,21351,10410,10941,20498,10094,10404,20082,9832,10250,19971,9858,10113,21251,10168,11083,22240,10349,11891,20825,10406,10419,20852,10214,10638,20101,9911,10190,19157,9425,9732,19027,9527,9500,18877,9304,9573,18932,9390,9542
23,16386,10001,6385,16784,9282,7502,19893,11195,8698,18220,9702,8518,20752,10771,9981,19739,10222,9517,19713,10191,9522,18330,9529,8801,17666,9008,8658,18959,9459,9500,20221,10474,9747,20773,10482,10291,20647,10527,10120,20749,10367,10382,19445,9812,9633,21991,11102,10889,18303,9105,9198,15686,7587,8099,15445,7708,7737,15908,7713,8195,19426,9453,9973,21047,10391,10656,22513,10689,11824,23783,11144,12639,22324,10690,11634,23248,11115,12133,23036,11130,11906,22353,10520,11833,23746,11371,12375,24245,11728,12517,23320,11223,12097,22935,11060,11875,23422,11555,11867,23444,11436,12008,23848,11773,12075,23155,11562,11593,22968,11160,11808,22105,10802,11303,21920,10678,11242,20952,10316,10636,20305,9941,10364,20022,9923,10099,20770,10131,10639,19901,10194,9707,20387,10216,10171,20382,10032,10350,19744,9748,9996,18886,9294,9592,18872,9480,9392,18700,9228,9472
24,15271,9707,5564,17680,10467,7213,17833,9667,8166,20729,11504,9225,19443,10153,9290,21329,10984,10345,20059,10342,9717,20013,10524,9489,18742,9681,9061,18025,9136,8889,19193,9611,9582,20444,10541,9903,21279,10719,10560,21211,10691,10520,21485,10673,10812,20048,9976,10072,22659,11361,11298,18454,9141,9313,15740,7605,8135,15829,7794,8035,16088,7857,8231,20166,9995,10171,21375,10587,10788,22829,10929,11900,24066,11336,12730,22556,10857,11699,23477,11248,12229,23385,11339,12046,22804,10876,11928,24172,11685,12487,24475,11887,12588,23603,11461,12142,23292,11314,11978,23788,11777,12011,23691,11624,12067,24193,11978,12215,23676,11837,11839,23346,11366,11980,22482,10988,11494,22167,10808,11359,21085,10364,10721,20246,9914,10332,19809,9869,9940,19494,9904,9590,19583,10003,9580,19938,10017,9921,20044,9894,10150,19465,9621,9844,18704,9216,9488,18737,9425,9312
25,15158,9723,5435,16231,10093,6138,18450,10781,7669,18433,9927,8506,21654,11885,9769,19861,10331,9530,21566,11092,10474,20291,10616,9675,20314,10649,9665,18997,9789,9208,18334,9251,9083,19398,9669,9729,20778,10702,10076,21816,10990,10826,21662,10863,10799,21989,10946,11043,20413,10079,10334,22783,11434,11349,18544,9180,9364,15858,7679,8179,15916,7885,8031,16391,8126,8265,20402,10156,10246,21601,10729,10872,22961,11039,11922,24154,11496,12658,22604,10911,11693,23445,11368,12077,23567,11526,12041,23017,11089,11928,24262,11796,12466,24572,12033,12539,23780,11612,12168,23535,11474,12061,23928,11921,12007,23965,11804,12161,24388,12104,12284,24063,12018,12045,23609,11530,12079,22445,11035,11410,22234,10876,11358,20944,10309,10635,20029,9825,10204,18987,9602,9385,19104,9660,9444,19313,9833,9480,19648,9904,9744,19796,9798,9998,19294,9558,9736,18543,9146,9397
26,16044,10231,5813,15945,10024,5921,16870,10330,6540,18952,10973,7979,19172,10214,8958,21988,12019,9969,20055,10407,9648,21738,11302,10436,20525,10714,9811,20515,10731,9784,19099,9802,9297,18477,9280,9197,19663,9826,9837,21097,10795,10302,22241,11186,11055,22109,11028,11081,22284,11087,11197,20444,10071,10373,23107,11478,11629,18661,9239,9422,15797,7705,8092,16142,8068,8074,16487,8206,8281,20542,10259,10283,21636,10764,10872,22970,11168,11802,24139,11588,12551,22647,11010,11637,23526,11501,12025,23597,11635,11962,22973,11168,11805,24398,11896,12502,24679,12136,12543,23924,11749,12175,23652,11610,12042,24005,12012,11993,24146,11933,12213,24638,12240,12398,24322,12170,12152,23617,11588,12029,22458,11050,11408,22102,10841,11261,20697,10243,10454,19300,9551,9749,18472,9370,9102,18771,9458,9313,19115,9730,9385,19449,9815,9634,19635,9749,9886,19130,9484,9646
27,14929,9625,5304,16642,10495,6147,16434,10241,6193,17246,10494,6752,19524,11227,8297,19421,10334,9087,22116,12079,10037,20199,10588,9611,21905,11386,10519,20663,10779,9884,20709,10781,9928,19119,9795,9324,18678,9417,9261,19884,9919,9965,21264,10854,10410,22612,11382,11230,22344,11188,11156,22442,11214,11228,20528,10151,10377,23360,11584,11776,18862,9340,9522,15885,7725,8160,16205,8118,8087,16498,8242,8256,20631,10318,10313,21571,10768,10803,22967,11277,11690,24007,11668,12339,22673,11069,11604,23437,11577,11860,23481,11660,11821,23108,11291,11817,24482,12011,12471,24715,12230,12485,23935,11824,12111,23804,11749,12055,24186,12114,12072,24342,12044,12298,24725,12314,12411,24451,12252,12199,23601,11586,12015,22243,10979,11264,21815,10719,11096,19909,9921,9988,18754,9353,9401,18077,9197,8880,18532,9325,9207,18995,9654,9341,19313,9765,9548,19472,9692,9780
28,13586,8615,4971,15404,9789,5615,17023,10624,6399,16728,10342,6386,17708,10650,7058,19720,11301,8419,19519,10372,9147,22204,12199,10005,20323,10638,9685,22021,11424,10597,20788,10774,10014,20798,10798,10000,19253,9877,9376,18831,9465,9366,20062,9998,10064,21419,10927,10492,22802,11469,11333,22319,11191,11128,22517,11282,11235,20755,10203,10552,23479,11646,11833,19028,9440,9588,15975,7816,8159,16246,8167,8079,16481,8268,8213,20590,10320,10270,21502,10762,10740,22955,11364,11591,23885,11742,12143,22647,11103,11544,23355,11609,11746,23492,11710,11782,23090,11324,11766,24505,12079,12426,24706,12275,12431,24007,11917,12090,23930,11877,12053,24303,12217,12086,24455,12114,12341,24658,12311,12347,24413,12268,12145,23398,11497,11901,21951,10846,11105,20938,10367,10571,19297,9693,9604,18291,9175,9116,17765,9069,8696,18348,9235,9113,18882,9594,9288,19187,9710,9477
29,12806,7896,4910,14021,8780,5241,15758,9924,5834,17288,10726,6562,17157,10511,6646,17871,10711,7160,19808,11343,8465,19613,10498,9115,22323,12246,10077,20425,10681,9744,22077,11387,10690,20825,10765,10060,21094,10933,10161,19340,9932,9408,19009,9521,9488,20258,10112,10146,21508,10983,10525,22872,11518,11354,22265,11125,11140,22716,11374,11342,20992,10333,10659,23755,11863,11892,19087,9488,9599,16011,7859,8152,16282,8199,8083,16456,8272,8184,20560,10332,10228,21355,10732,10623,22856,11422,11434,23688,11780,11908,22543,11091,11452,23368,11691,11677,23465,11747,11718,23111,11386,11725,24499,12154,12345,24682,12309,12373,24127,12007,12120,24038,11985,12053,24352,12252,12100,24343,12116,12227,24592,12308,12284,24185,12203,11982,23061,11337,11724,21107,10469,10638,20279,10107,10172,18818,9522,9296,17966,9045,8921,17555,8988,8567,18226,9172,9054,18801,9546,9255
30,10593,6493,4100,13173,8060,5113,14331,8915,5416,15977,10018,5959,17650,10888,6762,17312,10573,6739,17949,10747,7202,19889,11456,8433,19699,10547,9152,22409,12282,10127,20626,10723,9903,22041,11343,10698,21045,10914,10131,21267,10989,10278,19439,10004,9435,19149,9606,9543,20320,10176,10144,21477,10994,10483,22867,11511,11356,22439,11169,11270,22919,11521,11398,21228,10518,10710,23833,11939,11894,19093,9509,9584,16081,7937,8144,16271,8215,8056,16420,8275,8145,20532,10368,10164,21350,10734,10616,22798,11481,11317,23698,11814,11884,22554,11161,11393,23394,11727,11667,23468,11791,11677,23046,11435,11611,24415,12173,12242,24690,12368,12322,24209,12079,12130,24105,12076,12029,24321,12279,12042,24271,12116,12155,24359,12210,12149,23875,12074,11801,22112,10933,11179,20376,10185,10191,19751,9893,9858,18478,9402,9076,17746,8961,8785,17409,8942,8467,18105,9114,8991
31,12503,7513,4990,10904,6611,4293,13423,8154,5269,14520,8983,5537,16286,10129,6157,17779,10934,6845,17375,10590,6785,18010,10830,7180,19967,11494,8473,19753,10568,9185,22372,12201,10171,20661,10719,9942,22143,11397,10746,21212,10991,10221,21475,11070,10405,19482,10013,9469,19223,9696,9527,20364,10231,10133,21347,10937,10410,23127,11619,11508,22520,11244,11276,23090,11628,11462,21339,10606,10733,23819,11973,11846,19088,9522,9566,16046,7974,8072,16265,8227,8038,16324,8265,8059,20498,10347,10151,21227,10715,10512,22655,11451,11204,23679,11868,11811,22594,11224,11370,23389,11757,11632,23390,11800,11590,23030,11494,11536,24398,12246,12152,24677,12416,12261,24176,12111,12065,23999,12089,11910,24241,12243,11998,24052,12040,12012,24045,12093,11952,22881,11638,11243,21439,10692,10747,19819,9984,9835,19370,9762,9608,18195,9300,8895,17581,8903,8678,17269,8886,8383
32,8518,5257,3261,12823,7638,5185,11156,6710,4446,13610,8224,5386,14821,9095,5726,16420,10180,6240,17827,10948,6879,17437,10674,6763,18090,10865,7225,20035,11520,8515,20009,10624,9385,22220,12080,10140,20843,10827,10016,22227,11427,10800,21350,11066,10284,21679,11170,10509,19539,10055,9484,19212,9716,9496,20257,10173,10084,21412,10916,10496,23272,11720,11552,22834,11475,11359,23173,11690,11483,21299,10600,10699,23747,11969,11778,19057,9526,9531,15993,7982,8011,16220,8214,8006,16306,8272,8034,20436,10327,10109,21174,10715,10459,22612,11449,11163,23673,11891,11782,22532,11230,11302,23332,11755,11577,23312,11799,11513,23015,11513,11502,24340,12251,12089,24652,12448,12204,24041,12109,11932,23952,12076,11876,24039,12163,11876,23755,11920,11835,23006,11603,11403,22117,11304,10813,20909,10491,10418,19437,9840,9597,19062,9652,9410,18026,9252,8774,17441,8860,8581
33,10609,6503,4106,8798,5325,3473,13037,7699,5338,11328,6753,4575,13871,8288,5583,14930,9122,5808,16461,10182,6279,17852,10999,6853,17506,10689,6817,18150,10877,7273,20085,11453,8632,20110,10624,9486,22290,12053,10237,21036,10927,10109,22318,11449,10869,21487,11096,10391,21735,11201,10534,19498,10051,9447,19113,9705,9408,20272,10151,10121,21385,10934,10451,23521,11895,11626,22984,11588,11396,23114,11694,11420,21259,10607,10652,23696,11991,11705,18960,9531,9429,15935,7989,7946,16224,8243,7981,16239,8259,7980,20446,10351,10095,21163,10736,10427,22586,11469,11117,23634,11933,11701,22483,11216,11267,23240,11771,11469,23314,11814,11500,22989,11556,11433,24347,12289,12058,24494,12410,12084,23958,12094,11864,23798,12024,11774,23717,12020,11697,22805,11473,11332,22271,11327,10944,21558,11073,10485,20506,10330,10176,19110,9705,9405,18882,9595,9287,17856,9192,8664
34,12525,7505,5020,10843,6571,4272,9006,5387,3619,13177,7738,5439,11563,6823,4740,13965,8312,5653,14963,9122,5841,16479,10227,6252,17902,11015,6887,17542,10693,6849,18209,10853,7356,19978,11351,8627,20413,10727,9686,22209,11967,10242,21181,11009,10172,22404,11492,10912,21578,11137,10441,21759,11199,10560,19367,9986,9381,19134,9713,9421,20271,10194,10077,21539,11030,10509,23496,11922,11574,23035,11652,11383,23053,11699,11354,21177,10622,10555,23539,11960,11579,18871,9493,9378,15932,8022,7910,16206,8263,7943,16194,8244,7950,20367,10357,10010,21180,10764,10416,22527,11478,11049,23562,11946,11616,22366,11232,11134,23160,11756,11404,23322,11844,11478,22964,11589,11375,24237,12285,11952,24395,12381,12014,23759,12016,11743,23469,11894,11575,22667,11540,11127,22060,11165,10895,21723,11128,10595,21120,10901,10219,20161,10207,9954,18907,9637,9270,18712,9532,9180
35,14598,8772,5826,12786,7601,5185,11062,6652,4410,9160,5447,3713,13430,7837,5593,11666,6859,4807,13989,8311,5678,15004,9188,5816,16530,10247,6283,17937,11022,6915,17654,10697,6957,18151,10762,7389,20033,11384,8649,20711,10859,9852,22280,11982,10298,21382,11101,10281,22371,11509,10862,21624,11135,10489,21753,11193,10560,19333,9973,9360,19160,9762,9398,20361,10284,10077,21607,11091,10516,23410,11886,11524,23023,11718,11305,22922,11663,11259,21059,10597,10462,23468,11968,11500,18790,9468,9322,15896,8040,7856,16139,8229,7910,16154,8271,7883,20325,10348,9977,21177,10812,10365,22378,11430,10948,23477,11956,11521,22332,11244,11088,23135,11778,11357,23298,11853,11445,22864,11570,11294,24143,12263,11880,24200,12310,11890,23460,11888,11572,22509,11437,11072,21864,11167,10697,21541,10958,10583,21343,10983,10360,20777,10776,10001,19973,10145,9828,18713,9564,9149
36,15342,9155,6187,14763,8805,5958,12926,7630,5296,11182,6676,4506,9327,5478,3849,13481,7845,5636,11685,6852,4833,13988,8330,5658,15038,9186,5852,16563,10249,6314,17940,10957,6983,17654,10634,7020,18220,10807,7413,20048,11350,8698,20908,10925,9983,22305,11961,10344,21505,11162,10343,22309,11521,10788,21543,11089,10454,21796,11212,10584,19234,9963,9271,19203,9813,9390,20443,10318,10125,21601,11126,10475,23403,11924,11479,23039,11738,11301,22830,11640,11190,20957,10599,10358,23440,11989,11451,18690,9440,9250,15838,8018,7820,16020,8198,7822,16135,8280,7855,20213,10312,9901,21130,10811,10319,22302,11409,10893,23468,11962,11506,22310,11249,11061,23094,11809,11285,23202,11836,11366,22733,11524,11209,23954,12182,11772,23891,12183,11708,22448,11397,11051,21714,11086,10628,21265,10899,10366,21123,10796,10327,20989,10843,10146,20556,10688,9868,19793,10091,9702
37,15721,9304,6417,15472,9183,6289,14871,8822,6049,13003,7634,5369,11344,6706,4638,9381,5485,3896,13503,7848,5655,11674,6865,4809,14002,8324,5678,15056,9181,5875,16601,10213,6388,17850,10842,7008,17756,10662,7094,18256,10814,7442,20065,11334,8731,21142,11020,10122,22269,11954,10315,21566,11199,10367,22213,11485,10728,21622,11096,10526,21831,11244,10587,19283,9994,9289,19213,9832,9381,20363,10321,10042,21620,11160,10460,23284,11920,11364,23008,11763,11245,22720,11639,11081,20865,10581,10284,23303,11969,11334,18638,9437,9201,15771,8003,7768,15938,8187,7751,16137,8290,7847,20127,10311,9816,21084,10820,10264,22267,11411,10856,23382,11956,11426,22242,11258,10984,22941,11775,11166,23092,11799,11293,22545,11461,11084,23606,12033,11573,22927,11722,11205,21707,11096,10611,21128,10859,10269,20834,10727,10107,20805,10679,10126,20775,10772,10003,20357,10605,9752
38,15375,9000,6375,15861,9312,6549,15579,9177,6402,14946,8824,6122,13160,7653,5507,11416,6707,4709,9409,5482,3927,13482,7856,5626,11708,6862,4846,14016,8313,5703,15110,9169,5941,16545,10132,6413,17885,10819,7066,17843,10697,7146,18370,10878,7492,20125,11320,8805,21371,11081,10290,22178,11892,10286,21530,11198,10332,22190,11443,10747,21608,11103,10505,21847,11284,10563,19329,10008,9321,19182,9848,9334,20317,10310,10007,21555,11168,10387,23201,11920,11281,22955,11778,11177,22628,11598,11030,20758,10568,10190,23259,11956,11303,18584,9444,9140,15717,8012,7705,15798,8144,7654,16097,8273,7824,20018,10286,9732,21077,10814,10263,22198,11391,10807,23282,11954,11328,22165,11268,10897,22846,11766,11080,22900,11728,11172,22265,11349,10916,22617,11567,11050,22191,11421,10770,21122,10852,10270,20658,10674,9984,20428,10552,9876,20595,10610,9985,20591,10697,9894
39,16688,9880,6808,15399,8980,6419,15857,9277,6580,15569,9158,6411,14969,8800,6169,13154,7639,5515,11407,6694,4713,9384,5477,3907,13465,7841,5624,11696,6852,4844,13978,8237,5741,15065,9097,5968,16520,10108,6412,17825,10775,7050,17961,10749,7212,18400,10869,7531,20073,11301,8772,21525,11146,10379,22004,11776,10228,21639,11257,10382,22164,11429,10735,21610,11119,10491,21862,11327,10535,19331,10040,9291,19115,9839,9276,20249,10304,9945,21506,11177,10329,23121,11917,11204,22903,11792,11111,22467,11561,10906,20692,10557,10135,23212,11947,11265,18564,9447,9117,15666,8011,7655,15696,8108,7588,16050,8266,7784,19959,10279,9680,21065,10831,10234,22084,11377,10707,23199,11930,11269,22065,11247,10818,22665,11706,10959,22647,11614,11033,21405,10956,10449,21851,11245,10606,21638,11193,10445,20664,10687,9977,20276,10540,9736,20191,10463,9728,20394,10526,9868
40,15326,8899,6427,16708,9882,6826,15415,8981,6434,15861,9278,6583,15610,9165,6445,14967,8791,6176,13153,7636,5517,11396,6706,4690,9389,5475,3914,13449,7831,5618,11775,6859,4916,13821,8126,5695,15115,9097,6018,16534,10118,6416,17904,10788,7116,18045,10827,7218,18396,10846,7550,20008,11259,8749,21609,11183,10426,21986,11723,10263,21721,11310,10411,22167,11454,10713,21556,11121,10435,21815,11322,10493,19313,10061,9252,19000,9823,9177,20193,10282,9911,21459,11198,10261,23042,11918,11124,22868,11803,11065,22364,11523,10841,20563,10506,10057,23169,11948,11221,18468,9418,9050,15564,7976,7588,15605,8088,7517,16030,8271,7759,19873,10275,9598,21015,10827,10188,22026,11368,10658,23102,11900,11202,21889,11201,10688,22393,11600,10793,21777,11231,10546,20703,10624,10079,21294,11037,10257,21189,11018,10171,20267,10518,9749,20040,10454,9586,19971,10377,9594
41,15518,9195,6323,15318,8894,6424,16682,9867,6815,15375,8966,6409,15856,9273,6583,15580,9149,6431,14926,8771,6155,13125,7631,5494,11392,6707,4685,9378,5471,3907,13427,7785,5642,11774,6850,4924,13712,8084,5628,15152,9129,6023,16544,10113,6431,17865,10746,7119,18133,10865,7268,18375,10827,7548,19946,11227,8719,21779,11221,10558,21918,11691,10227,21699,11315,10384,22152,11450,10702,21525,11109,10416,21718,11317,10401,19277,10061,9216,18923,9829,9094,20136,10266,9870,21427,11219,10208,22862,11889,10973,22722,11740,10982,22270,11501,10769,20523,10494,10029,23082,11931,11151,18363,9421,8942,15519,7971,7548,15522,8040,7482,15973,8268,7705,19801,10286,9515,20932,10824,10108,21929,11340,10589,22942,11853,11089,21644,11112,10532,21627,11253,10374,21164,10953,10211,20122,10390,9732,20804,10844,9960,20817,10878,9939,19997,10417,9580,19842,10380,9462
42,14694,8483,6211,15495,9164,6331,15294,8872,6422,16649,9850,6799,15374,8954,6420,15816,9249,6567,15544,9125,6419,14883,8760,6123,13096,7615,5481,11382,6698,4684,9410,5475,3935,13316,7718,5598,11796,6871,4925,13628,8002,5626,15223,9145,6078,16552,10112,6440,17850,10712,7138,18199,10876,7323,18351,10809,7542,19895,11173,8722,21949,11305,10644,21981,11720,10261,21649,11291,10358,22119,11436,10683,21420,11089,10331,21603,11291,10312,19275,10085,9190,18823,9811,9012,20063,10251,9812,21346,11220,10126,22743,11865,10878,22605,11717,10888,22171,11471,10700,20394,10466,9928,22992,11949,11043,18280,9403,8877,15462,7956,7506,15440,8023,7417,15952,8269,7683,19663,10255,9408,20835,10781,10054,21776,11291,10485,22673,11762,10911,20893,10777,10116,21049,11005,10044,20645,10722,9923,19682,10222,9460,20401,10697,9704,20586,10789,9797,19753,10330,9423
43,15956,9125,6831,14659,8479,6180,15455,9159,6296,15254,8857,6397,16647,9856,6791,15321,8934,6387,15777,9232,6545,15495,9127,6368,14856,8751,6105,13064,7605,5459,11312,6637,4675,9396,5472,3924,13283,7700,5583,11848,6917,4931,13558,7949,5609,15261,9164,6097,16569,10112,6457,17789,10687,7102,18220,10896,7324,18367,10805,7562,19837,11167,8670,21937,11324,10613,21981,11771,10210,21528,11251,10277,22036,11407,10629,21336,11068,10268,21506,11261,10245,19194,10084,9110,18748,9797,8951,19951,10246,9705,21234,11173,10061,22651,11841,10810,22526,11690,10836,22028,11445,10583,20269,10441,9828,22866,11933,10933,18230,9404,8826,15389,7930,7459,15355,7995,7360,15914,8283,7631,19557,10226,9331,20677,10737,9940,21509,11185,10324,21947,11428,10519,20304,10516,9788,20563,10793,9770,20188,10540,9648,19316,10095,9221,20124,10599,9525,20354,10711,9643
44,14590,8466,6124,15889,9109,6780,14609,8472,6137,15401,9144,6257,15212,8846,6366,16604,9831,6773,15273,8914,6359,15712,9207,6505,15449,9112,6337,14812,8729,6083,13057,7591,5466,11208,6578,4630,9428,5500,3928,13173,7650,5523,11886,6913,4973,13461,7898,5563,15288,9170,6118,16557,10107,6450,17704,10644,7060,18259,10919,7340,18288,10780,7508,19794,11198,8596,21814,11306,10508,21954,11779,10175,21379,11198,10181,21983,11392,10591,21209,11039,10170,21364,11238,10126,19130,10054,9076,18616,9774,8842,19843,10210,9633,21116,11142,9974,22547,11817,10730,22385,11637,10748,21880,11399,10481,20162,10428,9734,22788,11921,10867,18146,9392,8754,15342,7915,7427,15208,7955,7253,15806,8247,7559,19391,10173,9218,20462,10653,9809,20873,10906,9967,21402,11202,10200,19787,10322,9465,20130,10620,9510,19826,10414,9412,19042,9990,9052,19872,10513,9359
45,14930,8660,6270,14545,8474,6071,15843,9107,6736,14550,8455,6095,15373,9152,6221,15187,8849,6338,16557,9813,6744,15243,8920,6323,15665,9196,6469,15416,9099,6317,14886,8760,6126,13013,7574,5439,11147,6542,4605,9394,5507,3887,13075,7577,5498,11956,6965,4991,13401,7852,5549,15293,9181,6112,16527,10096,6431,17671,10622,7049,18260,10939,7321,18295,10787,7508,19753,11199,8554,21654,11262,10392,21881,11785,10096,21223,11149,10074,21854,11358,10496,21081,11016,10065,21244,11221,10023,19042,10029,9013,18477,9720,8757,19774,10208,9566,20969,11081,9888,22472,11820,10652,22219,11599,10620,21723,11367,10356,20106,10406,9700,22722,11901,10821,18099,9386,8713,15246,7901,7345,15105,7925,7180,15663,8207,7456,19178,10084,9094,19896,10418,9478,20288,10647,9641,20947,11045,9902,19358,10150,9208,19780,10468,9312,19548,10315,9233,18804,9901,8903
46,15131,8741,6390,14898,8685,6213,14495,8480,6015,15780,9106,6674,14531,8471,6060,15323,9149,6174,15120,8822,6298,16520,9817,6703,15199,8906,6293,15612,9184,6428,15359,9074,6285,14907,8790,6117,12995,7578,5417,11056,6516,4540,9393,5506,3887,13045,7557,5488,12003,6994,5009,13266,7785,5481,15289,9175,6114,16525,10091,6434,17607,10598,7009,18219,10926,7293,18261,10795,7466,19669,11170,8499,21476,11226,10250,21770,11772,9998,21031,11101,9930,21711,11318,10393,20954,10992,9962,21077,11187,9890,18873,9964,8909,18348,9682,8666,19665,10197,9468,20802,11012,9790,22342,11805,10537,22036,11537,10499,21596,11342,10254,20007,10375,9632,22676,11900,10776,18012,9372,8640,15134,7870,7264,14982,7879,7103,15475,8135,7340,18627,9855,8772,19439,10235,9204,19757,10422,9335,20489,10866,9623,18959,10015,8944,19550,10393,9157,19318,10237,9081
47,14772,8507,6265,15088,8758,6330,14849,8688,6161,14448,8471,5977,15747,9109,6638,14473,8452,6021,15246,9121,6125,15080,8831,6249,16460,9803,6657,15143,8888,6255,15654,9200,6454,15300,9046,6254,14940,8822,6118,12919,7565,5354,11011,6480,4531,9429,5538,3891,12996,7527,5469,12041,7034,5007,13153,7709,5444,15298,9182,6116,16517,10095,6422,17604,10623,6981,18117,10888,7229,18199,10780,7419,19570,11151,8419,21320,11163,10157,21662,11753,9909,20854,11042,9812,21556,11266,10290,20783,10936,9847,20917,11161,9756,18723,9922,8801,18207,9633,8574,19543,10150,9393,20600,10958,9642,22196,11779,10417,21917,11504,10413,21504,11303,10201,19899,10354,9545,22544,11868,10676,17892,9338,8554,14990,7818,7172,14809,7819,6990,15102,7975,7127,18143,9669,8474,19024,10076,8948,19299,10246,9053,20099,10706,9393,18686,9929,8757,19287,10306,8981
48,13428,7858,5570,14720,8516,6204,15013,8757,6256,14795,8683,6112,14401,8476,5925,15689,9103,6586,14390,8430,5960,15198,9124,6074,15030,8814,6216,16384,9780,6604,15157,8899,6258,15641,9209,6432,15236,9026,6210,14959,8859,6100,12881,7540,5341,10954,6449,4505,9464,5567,3897,12934,7480,5454,12050,7052,4998,13075,7656,5419,15275,9199,6076,16564,10153,6411,17538,10628,6910,18024,10864,7160,18132,10775,7357,19445,11115,8330,21149,11107,10042,21531,11734,9797,20707,11008,9699,21395,11224,10171,20646,10900,9746,20796,11141,9655,18571,9872,8699,18043,9587,8456,19399,10126,9273,20447,10914,9533,22065,11740,10325,21750,11481,10269,21394,11284,10110,19804,10347,9457,22364,11809,10555,17716,9287,8429,14825,7761,7064,14491,7698,6793,14756,7839,6917,17715,9503,8212,18628,9922,8706,18846,10063,8783,19838,10622,9216,18438,9834,8604
49,15108,9274,5834,13404,7873,5531,14686,8531,6155,14945,8752,6193,14790,8703,6087,14346,8465,5881,15637,9085,6552,14332,8429,5903,15149,9111,6038,14976,8797,6179,16299,9744,6555,15140,8899,6241,15688,9254,6434,15135,8988,6147,14964,8875,6089,12886,7535,5351,10887,6410,4477,9487,5578,3909,12861,7444,5417,12056,7063,4993,12929,7583,5346,15275,9230,6045,16481,10130,6351,17475,10618,6857,17910,10808,7102,18050,10753,7297,19345,11097,8248,20973,11056,9917,21447,11711,9736,20497,10945,9552,21269,11202,10067,20523,10891,9632,20695,11128,9567,18389,9826,8563,17922,9549,8373,19258,10090,9168,20252,10850,9402,21969,11734,10235,21590,11418,10172,21227,11223,10004,19667,10312,9355,22127,11740,10387,17523,9231,8292,14502,7636,6866,14254,7602,6652,14399,7694,6705,17340,9373,7967,18263,9789,8474,18550,9956,8594,19576,10532,9044
50,13030,7769,5261,15088,9311,5777,13369,7886,5483,14612,8526,6086,14928,8787,6141,14715,8683,6032,14263,8440,5823,15593,9092,6501,14265,8405,5860,15097,9088,6009,14987,8843,6144,16188,9694,6494,15153,8917,6236,15635,9267,6368,15090,8979,6111,15014,8918,6096,12803,7511,5292,10798,6369,4429,9514,5592,3922,12811,7409,5402,12078,7104,4974,12857,7568,5289,15264,9243,6021,16435,10139,6296,17403,10610,6793,17789,10747,7042,17931,10714,7217,19244,11059,8185,20780,11000,9780,21323,11696,9627,20306,10896,9410,21068,11160,9908,20412,10885,9527,20543,11106,9437,18239,9786,8453,17782,9518,8264,19113,10058,9055,20077,10795,9282,21827,11706,10121,21398,11345,10053,21035,11176,9859,19441,10250,9191,21820,11640,10180,17158,9100,8058,14181,7502,6679,14014,7500,6514,14109,7582,6527,16942,9253,7689,17992,9693,8299,18276,9857,8419
51,13200,8034,5166,13004,7786,5218,15043,9315,5728,13308,7880,5428,14603,8555,6048,14859,8788,6071,14633,8659,5974,14204,8443,5761,15520,9082,6438,14194,8385,5809,15032,9073,5959,14980,8864,6116,16099,9657,6442,15107,8914,6193,15620,9277,6343,15021,8947,6074,15028,8946,6082,12749,7474,5275,10712,6320,4392,9515,5595,3920,12724,7359,5365,12020,7081,4939,12802,7551,5251,15205,9233,5972,16398,10129,6269,17272,10557,6715,17661,10708,6953,17816,10692,7124,19118,11020,8098,20500,10929,9571,21132,11652,9480,20162,10875,9287,20884,11142,9742,20243,10845,9398,20376,11059,9317,18041,9723,8318,17628,9459,8169,19013,10045,8968,19922,10741,9181,21631,11659,9972,21202,11282,9920,20843,11131,9712,19189,10160,9029,21262,11408,9854,16878,8998,7880,13845,7374,6471,13778,7427,6351,13835,7461,6374,16691,9172,7519,17745,9590,8155
52,11524,6944,4580,13179,8062,5117,12968,7809,5159,14974,9308,5666,13266,7908,5358,14543,8546,5997,14787,8775,6012,14575,8663,5912,14138,8432,5706,15427,9047,6380,14293,8469,5824,14917,9027,5890,14951,8886,6065,15954,9609,6345,15091,8939,6152,15589,9293,6296,14926,8911,6015,15057,8982,6075,12693,7450,5243,10617,6255,4362,9483,5598,3885,12713,7389,5324,11914,7047,4867,12739,7534,5205,15117,9213,5904,16326,10137,6189,17146,10535,6611,17485,10655,6830,17675,10648,7027,18965,10974,7991,20363,10898,9465,20901,11568,9333,19990,10824,9166,20717,11120,9597,20085,10824,9261,20222,11039,9183,17849,9666,8183,17487,9416,8071,18851,9996,8855,19715,10661,9054,21415,11593,9822,20963,11209,9754,20522,11021,9501,18740,9996,8744,20701,11177,9524,16626,8923,7703,13562,7266,6296,13539,7364,6175,13629,7376,6253,16395,9071,7324
53,11927,7279,4648,11511,6973,4538,13158,8079,5079,12901,7805,5096,14934,9328,5606,13191,7891,5300,14428,8515,5913,14714,8796,5918,14490,8637,5853,14034,8400,5634,15385,9046,6339,14301,8503,5798,14831,9010,5821,14924,8912,6012,15834,9576,6258,15060,8941,6119,15564,9302,6262,14825,8871,5954,15048,8991,6057,12646,7429,5217,10531,6217,4314,9422,5575,3847,12669,7389,5280,11811,7022,4789,12680,7533,5147,15044,9217,5827,16250,10131,6119,17051,10513,6538,17314,10583,6731,17523,10610,6913,18864,10949,7915,20201,10863,9338,20707,11508,9199,19808,10773,9035,20514,11065,9449,19873,10767,9106,20059,10991,9068,17698,9633,8065,17326,9371,7955,18662,9977,8685,19498,10592,8906,21175,11525,9650,20651,11104,9547,19972,10787,9185,18330,9866,8464,20174,10974,9200,16330,8837,7493,13296,7174,6122,13350,7308,6042,13381,7299,6082
54,11745,7373,4372,11883,7291,4592,11460,6975,4485,13091,8080,5011,12848,7800,5048,14833,9297,5536,13092,7865,5227,14352,8523,5829,14631,8776,5855,14398,8599,5799,13979,8370,5609,15290,9013,6277,14305,8539,5766,14700,8936,5764,14908,8951,5957,15736,9534,6202,15016,8944,6072,15510,9301,6209,14701,8830,5871,15027,8999,6028,12571,7408,5163,10422,6160,4262,9343,5548,3795,12600,7377,5223,11702,6978,4724,12554,7502,5052,14930,9190,5740,16141,10097,6044,16931,10491,6440,17099,10488,6611,17373,10550,6823,18723,10916,7807,20018,10799,9219,20478,11425,9053,19603,10720,8883,20267,10993,9274,19689,10719,8970,19886,10951,8935,17499,9568,7931,17161,9306,7855,18459,9908,8551,19244,10520,8724,20857,11434,9423,20147,10927,9220,19583,10658,8925,17916,9723,8193,19701,10814,8887,16074,8751,7323,13101,7102,5999,13158,7248,5910
55,10717,6630,4087,11707,7392,4315,11848,7309,4539,11375,6962,4413,13042,8102,4940,12738,7765,4973,14709,9256,5453,13028,7882,5146,14262,8497,5765,14513,8738,5775,14358,8605,5753,13933,8378,5555,15171,8981,6190,14331,8583,5748,14575,8884,5691,14833,8960,5873,15600,9481,6119,14990,8953,6037,15454,9295,6159,14585,8780,5805,14995,9000,5995,12483,7369,5114,10369,6158,4211,9268,5528,3740,12551,7385,5166,11600,6945,4655,12449,7476,4973,14801,9146,5655,16050,10092,5958,16798,10482,6316,16897,10414,6483,17210,10496,6714,18525,10857,7668,19823,10745,9078,20229,11358,8871,19401,10671,8730,20066,10953,9113,19502,10684,8818,19759,10914,8845,17284,9499,7785,16956,9241,7715,18228,9833,8395,18951,10431,8520,20347,11235,9112,19665,10752,8913,19146,10498,8648,17486,9597,7889,19282,10664,8618,15832,8670,7162,12867,7015,5852
56,10908,6874,4034,10674,6659,4015,11665,7413,4252,11773,7317,4456,11317,6983,4334,12951,8073,4878,12627,7732,4895,14619,9253,5366,12917,7852,5065,14139,8457,5682,14411,8713,5698,14270,8587,5683,13853,8357,5496,15021,8929,6092,14313,8617,5696,14453,8858,5595,14804,8989,5815,15425,9412,6013,14896,8936,5960,15393,9303,6090,14450,8731,5719,14881,8967,5914,12399,7351,5048,10303,6156,4147,9217,5526,3691,12508,7381,5127,11497,6935,4562,12318,7447,4871,14699,9125,5574,15952,10075,5877,16631,10412,6219,16771,10400,6371,17027,10451,6576,18297,10796,7501,19588,10682,8906,19976,11301,8675,19134,10603,8531,19921,10911,9010,19320,10651,8669,19552,10870,8682,17082,9435,7647,16707,9173,7534,17906,9745,8161,18483,10228,8255,19895,11076,8819,19139,10562,8577,18690,10363,8327,17156,9480,7676,18948,10540,8408,15594,8591,7003
57,10832,6760,4072,10915,6933,3982,10640,6682,3958,11585,7410,4175,11755,7352,4403,11211,6958,4253,12845,8038,4807,12545,7749,4796,14515,9237,5278,12792,7815,4977,14067,8443,5624,14292,8659,5633,14204,8564,5640,13791,8374,5417,14909,8900,6009,14299,8653,5646,14294,8801,5493,14707,8972,5735,15253,9349,5904,14817,8903,5914,15302,9296,6006,14386,8750,5636,14726,8914,5812,12316,7321,4995,10226,6166,4060,9137,5512,3625,12419,7356,5063,11382,6889,4493,12211,7415,4796,14569,9111,5458,15731,9987,5744,16458,10339,6119,16588,10345,6243,16875,10391,6484,18122,10751,7371,19370,10617,8753,19717,11231,8486,18919,10556,8363,19704,10866,8838,19039,10579,8460,19290,10771,8519,16801,9344,7457,16431,9073,7358,17498,9606,7892,18033,10041,7992,19402,10895,8507,18656,10399,8257,18304,10233,8071,16866,9388,7478,18576,10421,8155
58,10641,6551,4090,10781,6782,3999,10843,6939,3904,10540,6656,3884,11540,7431,4109,11646,7329,4317,11082,6910,4172,12761,8040,4721,12427,7714,4713,14404,9195,5209,12778,7821,4957,13983,8424,5559,14149,8587,5562,14087,8521,5566,13698,8352,5346,14791,8889,5902,14291,8701,5590,14119,8740,5379,14587,8938,5649,15066,9293,5773,14711,8877,5834,15182,9279,5903,14279,8715,5564,14584,8870,5714,12239,7305,4934,10135,6156,3979,9026,5480,3546,12320,7351,4969,11209,6807,4402,12092,7385,4707,14394,9046,5348,15512,9880,5632,16280,10288,5992,16413,10303,6110,16670,10326,6344,17912,10699,7213,19113,10553,8560,19448,11150,8298,18658,10495,8163,19434,10794,8640,18760,10482,8278,18967,10654,8313,16497,9228,7269,16036,8918,7118,17080,9467,7613,17554,9841,7713,18934,10736,8198,18251,10258,7993,17996,10143,7853,16556,9285,7271
59,10835,6634,4201,10561,6562,3999,10691,6770,3921,10751,6934,3817,10471,6666,3805,11434,7398,4036,11542,7301,4241,10985,6909,4076,12629,8002,4627,12302,7661,4641,14211,9115,5096,12694,7808,4886,13931,8421,5510,13983,8505,5478,13992,8519,5473,13579,8330,5249,14631,8848,5783,14246,8729,5517,13899,8643,5256,14502,8938,5564,14858,9224,5634,14590,8842,5748,15071,9256,5815,14148,8681,5467,14434,8825,5609,12105,7264,4841,10029,6137,3892,8916,5469,3447,12206,7326,4880,11082,6780,4302,11916,7315,4601,14219,9001,5218,15271,9785,5486,16070,10210,5860,16188,10217,5971,16436,10245,6191,17712,10636,7076,18873,10473,8400,19190,11087,8103,18373,10404,7969,19113,10680,8433,18441,10383,8058,18558,10498,8060,16121,9070,7051,15606,8771,6835,16623,9303,7320,17149,9690,7459,18491,10574,7917,17899,10125,7774,17650,10023,7627
60,10035,6270,3765,10768,6661,4107,10462,6559,3903,10573,6745,3828,10703,6950,3753,10350,6630,3720,11292,7353,3939,11435,7297,4138,10854,6866,3988,12475,7947,4528,12220,7644,4576,13982,9001,4981,12620,7798,4822,13769,8362,5407,13856,8492,5364,13839,8471,5368,13459,8305,5154,14442,8783,5659,14169,8735,5434,13689,8561,5128,14351,8899,5452,14706,9183,5523,14491,8823,5668,14900,9195,5705,14007,8646,5361,14257,8750,5507,11989,7235,4754,9930,6112,3818,8817,5439,3378,12070,7287,4783,10899,6715,4184,11735,7254,4481,14046,8926,5120,15012,9673,5339,15809,10103,5706,15963,10134,5829,16196,10153,6043,17504,10580,6924,18627,10401,8226,18885,10977,7908,18051,10315,7736,18774,10560,8214,18052,10235,7817,18048,10306,7742,15769,8923,6846,15180,8623,6557,16237,9180,7057,16783,9572,7211,18098,10440,7658,17502,9990,7512
61,10487,6688,3799,9941,6267,3674,10637,6637,4000,10316,6507,3809,10502,6746,3756,10577,6908,3669,10207,6584,3623,11179,7323,3856,11273,7239,4034,10710,6809,3901,12371,7892,4479,12080,7590,4490,13745,8900,4845,12500,7757,4743,13659,8351,5308,13697,8420,5277,13663,8399,5264,13296,8254,5042,14233,8721,5512,14082,8731,5351,13467,8452,5015,14178,8842,5336,14575,9158,5417,14361,8798,5563,14707,9119,5588,13873,8598,5275,14078,8674,5404,11834,7188,4646,9788,6079,3709,8679,5394,3285,11884,7204,4680,10751,6660,4091,11548,7164,4384,13840,8843,4997,14746,9546,5200,15578,10008,5570,15683,10025,5658,15971,10080,5891,17222,10486,6736,18329,10314,8015,18555,10871,7684,17653,10170,7483,18338,10406,7932,17549,10036,7513,17559,10103,7456,15326,8742,6584,14814,8496,6318,15855,9045,6810,16390,9429,6961,17742,10316,7426
62,8935,5517,3418,10435,6710,3725,9838,6239,3599,10480,6587,3893,10234,6507,3727,10387,6715,3672,10434,6850,3584,10079,6572,3507,11019,7259,3760,11132,7185,3947,10671,6813,3858,12176,7795,4381,11948,7538,4410,13471,8761,4710,12416,7769,4647,13506,8287,5219,13462,8307,5155,13444,8315,5129,13121,8204,4917,14031,8643,5388,13970,8728,5242,13351,8429,4922,13984,8776,5208,14403,9103,5300,14205,8748,5457,14486,9031,5455,13682,8526,5156,13849,8578,5271,11685,7141,4544,9668,6047,3621,8576,5361,3215,11700,7124,4576,10561,6593,3968,11329,7070,4259,13625,8774,4851,14447,9415,5032,15330,9912,5418,15435,9944,5491,15729,9993,5736,16956,10379,6577,17959,10180,7779,18147,10718,7429,17240,9994,7246,17772,10184,7588,17091,9854,7237,17054,9907,7147,14905,8557,6348,14438,8365,6073,15477,8907,6570,15969,9271,6698
63,9551,6109,3442,8833,5519,3314,10307,6688,3619,9652,6173,3479,10378,6562,3816,10064,6447,3617,10208,6630,3578,10293,6816,3477,9913,6499,3414,10830,7176,3654,11053,7190,3863,10546,6768,3778,11988,7722,4266,11799,7488,4311,13212,8649,4563,12266,7720,4546,13294,8194,5100,13240,8200,5040,13248,8247,5001,12913,8133,4780,13764,8561,5203,13724,8638,5086,13196,8388,4808,13761,8696,5065,14158,9007,5151,14039,8699,5340,14262,8944,5318,13450,8433,5017,13610,8483,5127,11497,7072,4425,9482,5954,3528,8426,5307,3119,11466,7034,4432,10353,6520,3833,11110,6976,4134,13336,8650,4686,14110,9262,4848,15050,9796,5254,15210,9837,5373,15455,9867,5588,16608,10220,6388,17501,10016,7485,17691,10541,7150,16690,9756,6934,17221,9961,7260,16568,9639,6929,16578,9739,6839,14501,8404,6097,14059,8233,5826,15071,8773,6298
64,9322,5985,3337,9399,6067,3332,8661,5469,3192,10114,6622,3492,9529,6145,3384,10168,6475,3693,9866,6372,3494,10029,6584,3445,10127,6745,3382,9742,6436,3306,10696,7132,3564,10844,7097,3747,10444,6735,3709,11750,7624,4126,11605,7433,4172,12911,8509,4402,12078,7634,4444,13107,8120,4987,12966,8069,4897,13023,8165,4858,12670,8050,4620,13549,8490,5059,13494,8541,4953,13072,8354,4718,13491,8581,4910,13922,8915,5007,13815,8620,5195,13993,8837,5156,13216,8332,4884,13321,8363,4958,11273,6990,4283,9292,5880,3412,8254,5241,3013,11235,6935,4300,10162,6450,3712,10900,6893,4007,13058,8527,4531,13807,9122,4685,14770,9656,5114,14879,9689,5190,15094,9723,5371,16163,10014,6149,16993,9825,7168,17110,10272,6838,16162,9553,6609,16649,9741,6908,16059,9456,6603,16152,9581,6571,14173,8271,5902,13678,8097,5581
65,8830,5629,3201,9137,5926,3211,9202,6007,3195,8478,5403,3075,9937,6556,3381,9312,6053,3259,9934,6384,3550,9676,6308,3368,9838,6491,3347,9947,6665,3282,9599,6395,3204,10487,7024,3463,10629,7019,3610,10305,6701,3604,11506,7518,3988,11431,7375,4056,12581,8322,4259,11874,7548,4326,12876,8029,4847,12689,7953,4736,12730,8059,4671,12405,7967,4438,13292,8367,4925,13206,8424,4782,12863,8265,4598,13194,8442,4752,13671,8817,4854,13559,8531,5028,13703,8713,4990,12957,8216,4741,13025,8241,4784,11038,6886,4152,9056,5771,3285,8076,5183,2893,10946,6824,4122,9925,6354,3571,10623,6758,3865,12786,8395,4391,13476,8963,4513,14450,9496,4954,14557,9547,5010,14740,9563,5177,15688,9813,5875,16390,9574,6816,16497,10010,6487,15672,9357,6315,16088,9534,6554,15600,9277,6323,15711,9420,6291,13787,8130,5657
66,8550,5430,3120,8643,5559,3084,8922,5832,3090,8949,5905,3044,8284,5326,2958,9723,6460,3263,9087,5949,3138,9697,6279,3418,9423,6197,3226,9605,6379,3226,9731,6571,3160,9389,6291,3098,10285,6918,3367,10370,6912,3458,10117,6619,3498,11190,7378,3812,11180,7258,3922,12218,8143,4075,11650,7456,4194,12613,7931,4682,12361,7804,4557,12432,7934,4498,12131,7837,4294,13014,8249,4765,12862,8274,4588,12617,8178,4439,12896,8297,4599,13365,8692,4673,13292,8433,4859,13389,8568,4821,12657,8113,4544,12716,8111,4605,10762,6773,3989,8856,5667,3189,7901,5106,2795,10650,6680,3970,9669,6250,3419,10339,6639,3700,12480,8238,4242,13133,8775,4358,14056,9311,4745,14110,9325,4785,14329,9358,4971,15075,9537,5538,15771,9328,6443,15883,9722,6161,15163,9149,6014,15565,9325,6240,15176,9111,6065,15192,9236,5956
67,7906,5042,2864,8321,5349,2972,8411,5487,2924,8681,5729,2952,8736,5808,2928,8044,5209,2835,9484,6333,3151,8870,5860,3010,9441,6172,3269,9177,6074,3103,9425,6308,3117,9457,6421,3036,9185,6193,2992,10027,6777,3250,10072,6766,3306,9952,6552,3400,10856,7207,3649,10893,7143,3750,11845,7952,3893,11379,7343,4036,12290,7790,4500,12097,7686,4411,12138,7799,4339,11857,7716,4141,12678,8108,4570,12568,8152,4416,12324,8060,4264,12540,8135,4405,13035,8560,4475,12977,8319,4658,13050,8415,4635,12322,7971,4351,12396,7964,4432,10469,6640,3829,8606,5553,3053,7672,5016,2656,10336,6547,3789,9396,6128,3268,10039,6498,3541,12191,8084,4107,12771,8601,4170,13629,9117,4512,13684,9121,4563,13734,9079,4655,14498,9272,5226,15148,9083,6065,15304,9476,5828,14682,8942,5740,15118,9143,5975,14736,8938,5798
68,7065,4553,2512,7667,4938,2729,8084,5252,2832,8153,5361,2792,8412,5608,2804,8452,5667,2785,7761,5073,2688,9222,6212,3010,8617,5738,2879,9167,6033,3134,8976,5996,2980,9153,6169,2984,9167,6277,2890,8971,6066,2905,9737,6609,3128,9788,6643,3145,9725,6445,3280,10533,7034,3499,10617,7011,3606,11434,7751,3683,11065,7219,3846,11962,7655,4307,11796,7567,4229,11826,7665,4161,11579,7585,3994,12325,7952,4373,12191,7962,4229,12001,7903,4098,12188,7975,4213,12652,8397,4255,12595,8157,4438,12696,8256,4440,11988,7826,4162,12034,7789,4245,10182,6500,3682,8344,5419,2925,7471,4945,2526,10008,6390,3618,9122,5995,3127,9752,6355,3397,11839,7903,3936,12323,8369,3954,13178,8886,4292,13153,8837,4316,13169,8797,4372,13898,9002,4896,14581,8840,5741,14769,9238,5531,14251,8768,5483,14596,8928,5668
69,7330,4780,2550,6840,4461,2379,7419,4831,2588,7753,5093,2660,7871,5216,2655,8143,5470,2673,8199,5528,2671,7532,4958,2574,8944,6069,2875,8368,5613,2755,8881,5889,2992,8701,5847,2854,8868,6026,2842,8838,6103,2735,8701,5914,2787,9464,6467,2997,9451,6480,2971,9476,6329,3147,10169,6858,3311,10336,6885,3451,11025,7561,3464,10766,7097,3669,11621,7514,4107,11451,7409,4042,11473,7507,3966,11235,7413,3822,11952,7774,4178,11795,7771,4024,11687,7766,3921,11777,7745,4032,12247,8197,4050,12179,7956,4223,12307,8071,4236,11597,7648,3949,11675,7629,4046,9843,6348,3495,8067,5273,2794,7225,4836,2389,9675,6219,3456,8829,5860,2969,9448,6204,3244,11376,7665,3711,11879,8131,3748,12634,8597,4037,12606,8570,4036,12612,8521,4091,13350,8750,4600,14031,8619,5412,14293,9023,5270,13766,8565,5201
70,6758,4432,2326,7072,4664,2408,6583,4342,2241,7097,4691,2406,7505,4980,2525,7584,5089,2495,7810,5304,2506,7926,5396,2530,7219,4809,2410,8635,5912,2723,8135,5498,2637,8545,5709,2836,8404,5686,2718,8566,5867,2699,8520,5932,2588,8453,5789,2664,9131,6299,2832,9102,6304,2798,9194,6182,3012,9775,6664,3111,9982,6712,3270,10662,7389,3273,10417,6941,3476,11212,7326,3886,11065,7206,3859,11118,7331,3787,10826,7238,3588,11513,7570,3943,11349,7546,3803,11305,7592,3713,11390,7553,3837,11830,8006,3824,11747,7758,3989,11892,7854,4038,11231,7489,3742,11268,7435,3833,9495,6182,3313,7794,5149,2645,6994,4727,2267,9345,6052,3293,8499,5677,2822,9095,6051,3044,10949,7440,3509,11378,7878,3500,12119,8308,3811,12035,8264,3771,12090,8243,3847,12803,8470,4333,13477,8371,5106,13732,8756,4976
71,6395,4222,2173,6499,4296,2203,6803,4531,2272,6300,4196,2104,6844,4564,2280,7191,4830,2361,7249,4909,2340,7535,5166,2369,7656,5241,2415,6892,4645,2247,8310,5716,2594,7835,5342,2493,8206,5520,2686,8114,5527,2587,8266,5699,2567,8184,5740,2444,8148,5609,2539,8785,6099,2686,8735,6095,2640,8901,6043,2858,9361,6444,2917,9601,6522,3079,10339,7222,3117,10056,6768,3288,10795,7117,3678,10674,7027,3647,10691,7102,3589,10437,7028,3409,11071,7333,3738,10878,7291,3587,10878,7362,3516,10972,7350,3622,11396,7775,3621,11286,7535,3751,11493,7648,3845,10815,7280,3535,10801,7203,3598,9177,6038,3139,7523,5007,2516,6718,4588,2130,9002,5899,3103,8121,5464,2657,8694,5832,2862,10400,7132,3268,10867,7590,3277,11566,8024,3542,11522,7987,3535,11621,7979,3642,12331,8260,4071,12941,8136,4805
72,5847,3862,1985,6090,4054,2036,6249,4168,2081,6521,4376,2145,6033,4071,1962,6541,4403,2138,6886,4663,2223,6947,4752,2195,7244,5006,2238,7357,5062,2295,6661,4529,2132,7950,5486,2464,7521,5149,2372,7843,5309,2534,7793,5338,2455,7983,5548,2435,7823,5524,2299,7813,5407,2406,8409,5876,2533,8380,5915,2465,8572,5892,2680,8985,6250,2735,9202,6307,2895,9953,7001,2952,9628,6554,3074,10403,6925,3478,10281,6833,3448,10215,6852,3363,10010,6821,3189,10578,7070,3508,10452,7051,3401,10406,7121,3285,10545,7146,3399,10959,7541,3418,10806,7299,3507,11032,7396,3636,10362,7052,3310,10353,6983,3370,8835,5867,2968,7212,4830,2382,6415,4430,1985,8569,5671,2898,7730,5247,2483,8261,5598,2663,9890,6840,3050,10303,7265,3038,11047,7728,3319,11018,7720,3298,11137,7720,3417,11796,7981,3815
73,5677,3737,1940,5524,3698,1826,5782,3891,1891,5893,3987,1906,6186,4228,1958,5702,3890,1812,6225,4228,1997,6585,4496,2089,6630,4573,2057,6894,4815,2079,7023,4859,2164,6390,4374,2016,7545,5249,2296,7163,4958,2205,7492,5117,2375,7448,5147,2301,7623,5339,2284,7449,5293,2156,7464,5209,2255,8004,5653,2351,7933,5665,2268,8140,5658,2482,8634,6067,2567,8789,6053,2736,9511,6753,2758,9249,6385,2864,9892,6654,3238,9794,6579,3215,9723,6601,3122,9552,6552,3000,10103,6810,3293,9963,6808,3155,9904,6860,3044,10136,6940,3196,10464,7253,3211,10252,7023,3229,10554,7161,3393,9881,6810,3071,9896,6744,3152,8455,5659,2796,6892,4658,2234,6096,4259,1837,8156,5457,2699,7298,5010,2288,7757,5327,2430,9369,6538,2831,9807,6997,2810,10500,7431,3069,10530,7464,3066,10597,7449,3148
74,5362,3619,1743,5355,3578,1777,5206,3515,1691,5371,3657,1714,5579,3811,1768,5818,4021,1797,5358,3684,1674,5896,4056,1840,6221,4293,1928,6279,4370,1909,6552,4601,1951,6691,4646,2045,6087,4196,1891,7108,4997,2111,6804,4759,2045,7133,4908,2225,7031,4895,2136,7228,5092,2136,7061,5060,2001,7091,5002,2089,7592,5405,2187,7551,5455,2096,7707,5413,2294,8261,5847,2414,8342,5797,2545,9142,6538,2604,8769,6097,2672,9365,6380,2985,9306,6324,2982,9236,6342,2894,9065,6286,2779,9587,6528,3059,9467,6528,2939,9427,6577,2850,9644,6658,2986,9949,6974,2975,9765,6765,3000,10059,6893,3166,9414,6555,2859,9425,6469,2956,8043,5418,2625,6516,4458,2058,5804,4097,1707,7649,5161,2488,6886,4776,2110,7266,5052,2214,8894,6262,2632,9341,6711,2630,10027,7154,2873,9985,7157,2828
75,5262,3551,1711,5020,3426,1594,5014,3387,1627,4863,3316,1547,5031,3464,1567,5184,3592,1592,5488,3812,1676,5050,3504,1546,5544,3847,1697,5851,4084,1767,5919,4170,1749,6182,4366,1816,6330,4439,1891,5746,4017,1729,6703,4755,1948,6449,4548,1901,6721,4673,2048,6649,4668,1981,6849,4872,1977,6649,4800,1849,6698,4767,1931,7194,5162,2032,7133,5200,1933,7229,5124,2105,7842,5599,2243,7895,5528,2367,8661,6258,2403,8250,5800,2450,8807,6063,2744,8795,6063,2732,8703,6033,2670,8569,6009,2560,9081,6249,2832,8937,6218,2719,8920,6275,2645,9122,6355,2767,9400,6673,2727,9231,6458,2773,9527,6589,2938,8918,6266,2652,8931,6198,2733,7560,5144,2416,6131,4247,1884,5425,3875,1550,7178,4897,2281,6453,4518,1935,6837,4819,2018,8427,6003,2424,8844,6400,2444,9482,6807,2675
76,4690,3181,1509,4892,3339,1553,4630,3203,1427,4629,3157,1472,4524,3124,1400,4657,3248,1409,4811,3364,1447,5122,3614,1508,4722,3313,1409,5198,3629,1569,5487,3853,1634,5539,3936,1603,5795,4125,1670,5886,4166,1720,5413,3827,1586,6276,4462,1814,6069,4318,1751,6274,4412,1862,6273,4445,1828,6444,4617,1827,6182,4522,1660,6272,4501,1771,6771,4895,1876,6724,4947,1777,6784,4848,1936,7421,5355,2066,7346,5208,2138,8157,5937,2220,7746,5498,2248,8273,5740,2533,8270,5748,2522,8161,5711,2450,8047,5715,2332,8541,5965,2576,8442,5930,2512,8359,5936,2423,8511,5999,2512,8872,6371,2501,8690,6144,2546,8996,6274,2722,8393,5946,2447,8417,5904,2513,7077,4862,2215,5683,3980,1703,5041,3643,1398,6724,4650,2074,6066,4276,1790,6369,4523,1846,7978,5738,2240,8299,6047,2252
77,4075,2786,1289,4275,2948,1327,4520,3117,1403,4221,2949,1272,4253,2933,1320,4163,2892,1271,4309,3032,1277,4461,3160,1301,4758,3389,1369,4366,3097,1269,4857,3439,1418,5067,3591,1476,5169,3715,1454,5360,3834,1526,5452,3903,1549,5113,3664,1449,5830,4159,1671,5635,4069,1566,5849,4173,1676,5885,4200,1685,5977,4319,1658,5769,4248,1521,5858,4237,1621,6296,4599,1697,6293,4665,1628,6363,4583,1780,6895,5041,1854,6825,4896,1929,7605,5605,2000,7189,5160,2029,7730,5431,2299,7728,5419,2309,7618,5391,2227,7548,5416,2132,7985,5622,2363,7892,5598,2294,7806,5614,2192,7973,5676,2297,8318,6036,2282,8153,5810,2343,8428,5922,2506,7839,5600,2239,7853,5550,2303,6576,4567,2009,5315,3756,1559,4644,3396,1248,6255,4393,1862,5671,4036,1635,5951,4280,1671,7450,5424,2026
78,3416,2381,1035,3700,2554,1146,3924,2720,1204,4080,2860,1220,3896,2735,1161,3894,2715,1179,3765,2644,1121,3964,2827,1137,4067,2919,1148,4400,3150,1250,4013,2886,1127,4504,3227,1277,4664,3329,1335,4777,3452,1325,4985,3609,1376,5049,3647,1402,4771,3457,1314,5365,3866,1499,5256,3824,1432,5366,3853,1513,5420,3906,1514,5545,4044,1501,5347,3986,1361,5428,3970,1458,5830,4284,1546,5822,4346,1476,5830,4253,1577,6348,4698,1650,6268,4549,1719,6998,5221,1777,6652,4839,1813,7171,5106,2065,7143,5058,2085,7097,5066,2031,7025,5094,1931,7344,5248,2096,7281,5222,2059,7249,5272,1977,7370,5313,2057,7752,5670,2082,7552,5452,2100,7798,5519,2279,7235,5206,2029,7244,5182,2062,6075,4280,1795,4912,3508,1404,4313,3177,1136,5816,4130,1686,5280,3804,1476,5514,4018,1496
79,3383,2295,1088,3105,2204,901,3345,2330,1015,3505,2474,1031,3681,2617,1064,3524,2491,1033,3512,2469,1043,3406,2411,995,3586,2583,1003,3703,2672,1031,4032,2930,1102,3664,2661,1003,4124,2972,1152,4268,3089,1179,4335,3162,1173,4609,3362,1247,4631,3383,1248,4406,3202,1204,4902,3562,1340,4809,3543,1266,4833,3503,1330,4976,3631,1345,5101,3742,1359,4937,3725,1212,4983,3687,1296,5364,4007,1357,5367,4033,1334,5296,3910,1386,5839,4354,1485,5713,4189,1524,6448,4845,1603,6079,4488,1591,6566,4740,1826,6623,4733,1890,6561,4730,1831,6426,4716,1710,6694,4859,1835,6671,4837,1834,6688,4910,1778,6808,4930,1878,7183,5296,1887,6948,5059,1889,7120,5107,2013,6611,4808,1803,6635,4794,1841,5606,4003,1603,4510,3273,1237,3996,2977,1019,5390,3866,1524,4891,3576,1315
80,2539,1814,725,3031,2089,942,2788,2008,780,2965,2092,873,3155,2267,888,3288,2353,935,3180,2269,911,3186,2269,917,3037,2175,862,3216,2341,875,3343,2444,899,3676,2678,998,3295,2415,880,3701,2680,1021,3882,2830,1052,3935,2900,1035,4183,3091,1092,4200,3091,1109,4064,2977,1087,4412,3243,1169,4367,3245,1122,4416,3235,1181,4551,3361,1190,4650,3430,1220,4514,3441,1073,4534,3388,1146,4846,3673,1173,4858,3679,1179,4747,3542,1205,5315,4003,1312,5193,3857,1336,5804,4424,1380,5498,4121,1377,5994,4391,1603,6068,4393,1675,5977,4339,1638,5828,4297,1531,6171,4520,1651,6062,4441,1621,6091,4497,1594,6225,4550,1675,6532,4877,1655,6397,4693,1704,6428,4668,1760,6018,4426,1592,6036,4428,1608,5102,3692,1410,4153,3058,1095,3669,2753,916,4902,3553,1349
81,2097,1453,644,2264,1633,631,2680,1848,832,2419,1770,649,2615,1871,744,2789,2031,758,2919,2110,809,2852,2052,800,2858,2060,798,2667,1935,732,2854,2096,758,3018,2240,778,3291,2427,864,2944,2183,761,3309,2416,893,3504,2562,942,3553,2624,929,3741,2780,961,3749,2788,961,3708,2759,949,3901,2878,1023,3891,2923,968,3984,2956,1028,4102,3065,1037,4179,3129,1050,4076,3126,950,4057,3066,991,4350,3321,1029,4388,3340,1048,4193,3149,1044,4775,3634,1141,4675,3521,1154,5248,4032,1216,4932,3745,1187,5399,4005,1394,5456,4011,1445,5381,3949,1432,5305,3948,1357,5605,4138,1467,5505,4038,1467,5530,4118,1412,5630,4129,1501,5937,4481,1456,5756,4257,1499,5764,4250,1514,5408,4015,1393,5512,4063,1449,4677,3417,1260,3795,2829,966,3313,2511,802
82,1832,1263,569,1844,1293,551,1978,1440,538,2343,1650,693,2149,1592,557,2301,1664,637,2470,1813,657,2611,1905,706,2524,1844,680,2528,1845,683,2388,1757,631,2568,1891,677,2695,2019,676,2917,2153,764,2621,1967,654,2971,2179,792,3116,2288,828,3139,2359,780,3328,2498,830,3335,2514,821,3290,2456,834,3501,2592,909,3461,2628,833,3551,2678,873,3676,2774,902,3754,2829,925,3645,2847,798,3586,2745,841,3870,2981,889,3884,2982,902,3695,2816,879,4266,3284,982,4118,3130,988,4718,3642,1076,4411,3382,1029,4842,3613,1229,4820,3580,1240,4820,3581,1239,4706,3544,1162,4987,3703,1284,4933,3641,1292,4930,3712,1218,5037,3725,1312,5273,4026,1247,5134,3834,1300,5139,3808,1331,4816,3624,1192,4974,3713,1261,4266,3162,1104,3404,2568,836
83,1736,1233,503,1565,1099,466,1557,1118,439,1607,1191,416,2018,1430,588,1872,1383,489,1977,1436,541,2168,1607,561,2301,1689,612,2192,1623,569,2206,1627,579,2108,1559,549,2248,1675,573,2337,1774,563,2597,1935,662,2296,1744,552,2603,1932,671,2731,2031,700,2761,2075,686,2884,2191,693,2913,2220,693,2900,2174,726,3123,2339,784,3033,2325,708,3129,2380,749,3227,2453,774,3301,2506,795,3162,2492,670,3133,2417,716,3369,2620,749,3410,2625,785,3228,2496,732,3738,2920,818,3673,2822,851,4154,3241,913,3888,3003,885,4287,3220,1067,4294,3227,1067,4214,3170,1044,4165,3171,994,4429,3332,1097,4327,3231,1096,4329,3298,1031,4445,3311,1134,4623,3586,1037,4502,3388,1114,4547,3398,1149,4299,3272,1027,4477,3382,1095,3767,2817,950
84,1455,1023,432,1484,1072,412,1378,982,396,1319,961,358,1355,1018,337,1706,1226,480,1609,1198,411,1721,1263,458,1848,1371,477,1985,1457,528,1908,1435,473,1910,1420,490,1794,1341,453,1919,1443,476,2048,1585,463,2276,1713,563,1989,1523,466,2256,1694,562,2367,1774,593,2399,1803,596,2468,1888,580,2528,1950,578,2558,1919,639,2733,2071,662,2657,2048,609,2741,2107,634,2825,2154,671,2838,2164,674,2748,2183,565,2696,2080,616,2887,2284,603,2959,2304,655,2786,2168,618,3260,2585,675,3235,2512,723,3623,2835,788,3389,2649,740,3723,2832,891,3728,2824,904,3701,2794,907,3653,2819,834,3872,2943,929,3752,2833,919,3791,2904,887,3873,2908,965,4069,3200,869,3953,2998,955,3999,3021,978,3804,2920,884,3924,3002,922
