date,AAPL,GOOGL,MSFT
2015-01-02,103.8847,532.6,42.5088
2015-01-05,100.9936,527.15,42.2446
2015-01-06,99.3615,520.5,42.2537
2015-01-07,99.977,510.95,41.8893
2015-01-08,101.8702,501.51,42.5908
2015-01-09,105.0784,508.18,43.3743
2015-01-12,105.0131,499.24,43.2012
2015-01-13,103.922,502.57,42.7912
2015-01-14,101.693,500.42,41.871
2015-01-15,102.5883,508.89,42.1079
2015-01-16,99.8184,503.15,41.2789
2015-01-20,100.5739,512.77,42.1808
2015-01-21,101.6091,510.84,41.8528
2015-01-22,102.8308,523.0,42.2537
2015-01-23,104.7334,538.03,43.1465
2015-01-26,106.0763,541.5,42.8185
2015-01-27,104.8453,531.4,39.1288
2015-01-28,109.6996,525.0,38.9375
2015-01-29,108.4825,512.9,37.2886
2015-01-30,110.4224,519.0,37.8534
2015-02-02,110.0959,534.32,36.9788
2015-02-03,110.5156,529.94,37.9263
2015-02-04,110.5156,533.14,38.2087
2015-02-05,112.3749,527.93,38.4638
2015-02-06,112.3749,531.01,38.8829
2015-02-09,110.9986,531.06,38.482
2015-02-10,112.5154,532.15,38.9375
2015-02-11,114.9498,539.73,38.8555
2015-02-12,118.0302,539.66,38.8646
2015-02-13,119.1725,547.51,39.5206
2015-02-17,119.3691,551.16,40.3432
2015-02-18,119.4955,543.82,40.0312
2015-02-19,120.2961,542.47,39.6183
2015-02-20,120.4271,547.58,39.9211
2015-02-23,121.738,539.0,40.0954
2015-02-24,124.472,531.55,40.5083
2015-02-25,123.1799,538.44,40.3248
2015-02-26,120.5816,545.74,40.3615
2015-02-27,121.7192,558.15,40.49
2015-03-02,121.017,567.0,40.0679
2015-03-03,120.7455,576.35,39.967
2015-03-04,120.8766,576.97,39.4623
2015-03-05,120.3897,579.62,39.5174
2015-03-06,120.2212,582.0,39.4532
2015-03-09,119.8092,570.92,38.71
2015-03-10,118.3579,568.475,38.8568
2015-03-11,116.8037,559.8,38.8201
2015-03-12,114.5191,558.48,37.9209
2015-03-13,116.4759,559.23,37.3429
2015-03-16,115.9891,556.93,38.0494
2015-03-17,117.8804,558.29,37.9576
2015-03-18,118.9103,557.73,38.0127
2015-03-19,120.5489,564.52,38.7742
2015-03-20,120.0807,566.71,39.0495
2015-03-23,119.0227,566.0,39.3431
2015-03-24,119.1257,568.54,39.2513
2015-03-25,118.4796,577.57,39.3798
2015-03-26,114.9404,564.65,37.82
2015-03-27,116.6351,561.83,37.7282
2015-03-30,116.1482,560.25,37.7099
2015-03-31,118.0583,557.94,37.4163
2015-04-01,116.8692,554.83,37.2511
2015-04-02,117.0658,547.41,37.3062
2015-04-06,116.5415,538.84,37.0126
2015-04-07,119.5096,544.99,38.1778
2015-04-08,117.8336,546.0,38.0402
2015-04-09,117.8336,549.21,37.8475
2015-04-10,117.9272,549.57,38.1962
2015-04-13,120.1931,547.05,37.9851
2015-04-14,118.9103,546.57,38.3521
2015-04-15,118.3579,537.96,38.3154
2015-04-16,118.2362,538.35,38.4898
2015-04-17,117.5527,537.31,38.2329
2015-04-20,117.5714,533.75,38.2879
2015-04-21,119.9403,546.31,39.4532
2015-04-22,118.901,543.06,39.1504
2015-04-23,120.1275,550.41,39.3522
2015-04-24,122.178,580.05,41.8938
2015-04-27,123.8821,572.77,43.3343
2015-04-28,125.8905,564.32,43.8389
2015-04-29,121.869,560.51,44.7014
2015-04-30,119.3785,558.56,44.683
2015-05-01,118.0677,550.51,44.5729
2015-05-04,121.2511,550.99,44.3802
2015-05-05,119.9871,550.16,43.8756
2015-05-06,118.4984,542.64,43.6462
2015-05-07,117.3104,535.9,42.4534
2015-05-08,119.1062,548.87,43.6279
2015-05-11,119.7737,548.49,43.6279
2015-05-12,118.0908,542.81,42.9856
2015-05-13,118.6079,540.47,44.2151
2015-05-14,119.7926,543.97,44.0684
2015-05-15,121.3533,550.39,44.839
2015-05-18,120.7046,543.82,44.0224
2015-05-19,122.8765,548.0,43.9206
2015-05-20,122.2277,550.92,43.7636
2015-05-21,122.2935,550.2,43.6621
2015-05-22,123.732,554.46,43.6805
2015-05-26,124.6723,552.58,43.2465
2015-05-27,122.5474,548.68,43.2373
2015-05-28,123.9765,553.79,43.8652
2015-05-29,123.3842,553.2,43.8006
2015-06-01,123.356,548.73,43.4589
2015-06-02,122.0961,547.43,43.3388
2015-06-03,122.8482,555.1,43.7452
2015-06-04,121.8328,552.18,43.2096
2015-06-05,121.7576,552.0,42.7663
2015-06-08,121.1935,549.61,42.7571
2015-06-09,119.125,543.42,42.2584
2015-06-10,120.2721,545.7,42.2861
2015-06-11,121.4567,554.49,43.0895
2015-06-12,120.5212,547.15,42.6832
2015-06-15,118.5609,542.73,41.9721
2015-06-16,119.4353,544.48,41.8797
2015-06-17,120.084,545.42,42.2307
2015-06-18,119.6233,548.0,42.6832
2015-06-19,120.0746,556.52,43.2096
2015-06-22,119.8678,559.41,42.7848
2015-06-23,119.8584,559.79,42.6001
2015-06-24,119.6045,562.48,42.1753
2015-06-25,121.1559,560.3,42.5077
2015-06-26,120.037,559.71,42.1568
2015-06-29,117.9591,546.75,41.5935
2015-06-30,118.0626,545.09,41.2887
2015-07-01,119.313,543.66,41.0579
2015-07-02,118.8711,544.74,41.0763
2015-07-06,117.4702,542.25,40.5961
2015-07-07,118.3634,547.43,40.947
2015-07-08,117.0377,545.6,41.0394
2015-07-09,116.4454,548.65,41.3257
2015-07-10,114.6496,553.71,41.5658
2015-07-13,117.5548,559.51,41.5334
2015-07-14,118.5045,574.5,41.9721
2015-07-15,118.2036,583.74,42.1845
2015-07-16,120.1028,589.5,42.4892
2015-07-17,121.3627,680.0,42.9879
2015-07-20,123.1397,688.98,43.0803
2015-07-21,124.9073,684.88,43.2003
2015-07-22,114.6966,694.02,41.9629
2015-07-23,118.6549,691.85,41.8059
2015-07-24,117.8275,676.77,42.3969
2015-07-27,115.7308,651.57,42.4246
2015-07-28,116.0035,661.76,42.0921
2015-07-29,115.7872,662.26,41.9259
2015-07-30,115.0069,657.44,42.7201
2015-07-31,115.2701,664.7,43.6713
2015-08-03,114.2359,657.66,43.385
2015-08-04,110.3998,664.34,43.1726
2015-08-05,106.1971,665.75,44.3085
2015-08-06,109.5301,673.99,44.0592
2015-08-07,108.2172,667.78,42.8402
2015-08-10,110.059,667.09,43.3573
2015-08-11,111.2679,699.58,43.2373
2015-08-12,106.2811,694.49,42.6555
2015-08-13,109.5962,689.2,43.4589
2015-08-14,107.9717,684.04,42.9695
2015-08-17,109.5962,688.04,43.228
2015-08-18,109.9645,691.07,43.541
2015-08-19,109.6528,690.11,43.4852
2015-08-20,107.745,689.1,42.8252
2015-08-21,104.2977,671.04,42.1094
2015-08-24,89.6018,600.6,37.601
2015-08-25,104.9399,646.4675,39.5671
2015-08-26,101.1385,643.1,39.0512
2015-08-27,106.0166,672.0,40.1016
2015-08-28,105.9411,665.11,40.4083
2015-08-31,105.9033,656.26,40.6593
2015-09-01,104.0616,633.66,39.2557
2015-09-02,103.8916,638.64,39.265
2015-09-03,106.2433,647.93,40.3525
2015-09-04,102.9188,629.7,39.7948
2015-09-08,105.45,641.0,40.2503
2015-09-09,107.4428,651.88,41.0962
2015-09-10,104.1466,643.9,40.083
2015-09-11,105.5822,650.21,40.1016
2015-09-14,110.1062,655.63,40.3711
2015-09-15,109.4923,656.71,40.148
2015-09-16,109.7945,665.55,40.8731
2015-09-17,109.2373,667.49,41.1706
2015-09-18,105.9789,665.06,40.4362
2015-09-21,107.3578,665.51,40.5478
2015-09-22,107.0839,657.47,40.3247
2015-09-23,107.32,652.9,40.8359
2015-09-24,106.9611,648.97,40.3897
2015-09-25,109.974,658.58,41.3472
2015-09-28,107.5278,639.05,40.743
2015-09-29,106.5644,625.5,40.3154
2015-09-30,104.0521,631.83,40.7894
2015-10-01,103.0132,637.94,41.5982
2015-10-02,102.0121,638.01,41.152
2015-10-05,103.7782,661.6,42.5231
2015-10-06,104.4866,669.35,43.0669
2015-10-07,105.535,677.4,43.7827
2015-10-08,104.071,669.45,43.2807
2015-10-09,103.8916,667.49,44.108
2015-10-12,106.47,669.19,43.6711
2015-10-13,104.666,674.26,43.2807
2015-10-14,105.1099,683.73,43.3643
2015-10-15,104.7699,685.25,43.699
2015-10-16,105.5727,695.4,43.7083
2015-10-19,104.6472,694.0,44.0801
2015-10-20,105.1572,697.89,44.0987
2015-10-21,107.6695,683.21,44.5449
2015-10-22,107.9811,675.44,44.1824
2015-10-23,110.2195,750.06,48.6164
2015-10-26,111.5229,720.02,48.8302
2015-10-27,108.9917,726.57,50.1874
2015-10-28,110.4367,733.0,49.7691
2015-10-29,112.1085,736.63,49.7691
2015-10-30,114.2713,745.56,49.5646
2015-11-02,113.2135,737.88,49.1277
2015-11-03,114.0824,745.43,49.202
2015-11-04,116.2925,749.9,50.364
2015-11-05,115.5761,758.81,50.6522
2015-11-06,114.8742,759.39,50.2757
2015-11-09,114.7319,758.52,50.7079
2015-11-10,110.881,753.48,50.2617
2015-11-11,110.3783,762.38,49.9178
2015-11-12,110.2739,760.18,49.7133
2015-11-13,109.2685,754.04,49.3322
2015-11-16,105.6452,740.21,49.3415
2015-11-17,109.0029,752.47,49.7583
2015-11-18,109.7997,749.57,49.5992
2015-11-19,111.5829,759.78,50.5257
2015-11-20,113.0626,769.3,50.769
2015-11-23,113.129,777.47,50.769
2015-11-24,111.2888,772.96,50.4602
2015-11-25,113.072,771.69,50.6193
2015-11-27,112.1994,769.16,50.3479
2015-11-30,111.9149,771.87,51.0404
2015-12-01,112.6357,766.94,50.9187
2015-12-02,111.0233,785.25,51.7704
2015-12-03,110.549,780.56,51.9295
2015-12-04,109.3539,769.71,50.6474
2015-12-07,112.8539,780.06,52.2102
2015-12-08,111.4691,764.5,51.9107
2015-12-09,111.5829,771.1,51.8171
2015-12-10,110.0653,763.59,51.8359
2015-12-11,109.259,749.0,51.1995
2015-12-14,106.404,751.26,50.8439
2015-12-15,106.1764,767.79,52.0885
2015-12-16,105.3512,766.57,51.9762
2015-12-17,106.2523,781.16,52.7436
2015-12-18,103.3024,767.23,52.1915
2015-12-21,101.7563,763.05,51.3586
2015-12-22,101.8701,764.27,51.4615
2015-12-23,101.7468,770.69,52.126
2015-12-24,103.3877,768.52,52.2757
2015-12-28,102.0503,770.0,51.7984
2015-12-29,101.4528,786.99,52.6781
2015-12-30,102.9894,793.96,52.8466
2015-12-31,101.5002,787.82,52.4442
2016-01-04,97.3268,762.2,50.8345
2016-01-05,100.3051,764.1,51.4054
2016-01-06,95.3823,750.37,50.8345
2016-01-07,93.5991,746.49,49.3185
2016-01-08,93.4758,747.8,49.0096
2016-01-11,93.8742,731.95,49.1407
2016-01-12,95.3728,740.75,49.3746
2016-01-13,95.1547,749.34,50.3479
2016-01-14,92.9162,724.44,48.6634
2016-01-15,91.2468,709.99,48.0177
2016-01-19,93.343,720.15,48.1768
2016-01-20,90.2034,705.9,46.773
2016-01-21,92.0625,720.17,47.7276
2016-01-22,93.5517,742.0,48.1112
2016-01-25,96.2929,743.84,48.6072
2016-01-26,94.7848,735.21,48.4669
2016-01-27,91.095,735.89,48.6727
2016-01-28,88.9609,738.19,48.5324
2016-01-29,89.9094,748.96,51.2182
2016-02-01,91.5029,771.26,51.3586
2016-02-02,90.507,800.5,50.6942
2016-02-03,90.1086,786.28,49.8332
2016-02-04,91.4177,744.59,48.757
2016-02-05,92.0471,725.5,48.6072
2016-02-08,88.8142,687.68,46.3706
2016-02-09,89.9204,692.95,45.8746
2016-02-10,91.4749,711.79,46.6888
2016-02-11,89.4436,696.34,45.5564
2016-02-12,89.8251,712.21,47.0257
2016-02-16,90.6166,718.65,47.976
2016-02-17,92.1902,727.0,48.5321
2016-02-18,94.2596,733.96,49.3238
2016-02-19,91.5512,715.9,48.9845
2016-02-22,91.8468,729.51,49.2767
2016-02-23,91.9327,726.1,49.3333
2016-02-24,89.6248,710.61,47.7781
2016-02-25,91.5989,722.93,48.7583
2016-02-26,92.6956,733.6,49.5783
2016-02-29,92.3713,721.0,48.4001
2016-03-01,93.1247,721.3,48.042
2016-03-02,95.8522,742.87,49.3992
2016-03-03,95.919,739.48,49.9271
2016-03-04,97.626,734.8,49.3898
2016-03-07,97.6451,725.15,48.5981
2016-03-08,96.1097,708.39,47.8817
2016-03-09,96.6151,715.165,48.9091
2016-03-10,96.7105,727.79,49.8894
2016-03-11,97.502,739.95,49.9554
2016-03-14,97.1873,744.97,49.682
2016-03-15,99.1423,746.02,49.7197
2016-03-16,99.7622,749.05,50.3795
2016-03-17,100.63,757.65,51.0958
2016-03-18,101.412,761.63,51.7651
2016-03-21,101.021,753.91,50.191
2016-03-22,100.3725,758.44,50.5303
2016-03-23,101.5455,763.35,51.0016
2016-03-24,100.5823,751.2,50.7471
2016-03-28,101.0878,756.17,51.0958
2016-03-29,100.0292,753.68,50.5774
2016-03-30,103.615,768.21,51.7745
2016-03-31,104.6354,768.34,51.7933
2016-04-01,103.739,757.16,51.8876
2016-04-04,105.303,769.51,52.2458
2016-04-05,104.4351,758.13,52.0195
2016-04-06,105.1218,757.84,51.2372
2016-04-07,104.8547,765.32,51.7179
2016-04-08,103.8629,765.87,51.5294
2016-04-11,103.9201,765.45,51.3598
2016-04-12,104.273,758.43,51.2467
2016-04-13,105.6653,770.31,51.9536
2016-04-14,106.4473,775.36,52.0478
2016-04-15,106.9146,775.5,52.1232
2016-04-18,103.8439,780.19,52.3023
2016-04-19,102.8807,790.5,53.3768
2016-04-20,101.6981,779.16,53.0564
2016-04-21,101.9747,777.31,52.5945
2016-04-22,100.1437,743.91,48.928
2016-04-25,100.1341,735.35,48.8054
2016-04-26,99.0946,744.42,49.2579
2016-04-27,91.5512,725.32,48.5227
2016-04-28,93.0866,723.29,47.7121
2016-04-29,89.6343,704.12,46.515
2016-05-02,89.6105,711.92,47.1277
2016-05-03,89.8346,712.5,47.4482
2016-05-04,90.7883,706.77,46.9769
2016-05-05,90.1897,715.0,47.0052
2016-05-06,89.5852,712.2,47.0523
2016-05-09,89.2302,726.7,47.5895
2016-05-10,89.5469,734.96,47.4387
2016-05-11,89.6908,740.52,48.1928
2016-05-12,88.9616,732.0,48.2588
2016-05-13,86.3519,726.62,48.485
2016-05-16,88.645,724.32,47.8817
2016-05-17,90.7174,731.06,49.0899
2016-05-18,90.3432,718.5,47.9129
2016-05-19,90.8038,718.3,47.9034
2016-05-20,90.8038,716.46,47.9129
2016-05-23,91.9839,719.98,48.0268
2016-05-24,93.2792,719.85,48.1217
2016-05-25,94.6704,735.0,49.2797
2016-05-26,95.6395,736.0,49.2892
2016-05-27,95.4092,737.51,49.2797
2016-05-31,95.5627,748.76,49.6024
2016-06-01,95.0062,748.47,49.7732
2016-06-02,93.6438,746.1,49.9631
2016-06-03,93.8261,741.49,49.7163
2016-06-06,94.018,738.5,49.3461
2016-06-07,95.2269,733.27,49.5834
2016-06-08,95.0062,739.5,49.3746
2016-06-09,94.5073,737.07,49.3556
2016-06-10,94.5361,735.95,48.4539
2016-06-13,94.6896,729.82,47.0587
2016-06-14,93.3751,729.31,47.3624
2016-06-15,93.8549,734.92,47.2485
2016-06-16,92.5404,727.96,47.0017
2016-06-17,92.7035,721.39,47.8465
2016-06-20,92.1086,710.31,48.0648
2016-06-21,91.0916,710.05,47.6472
2016-06-22,92.3485,714.05,48.4824
2016-06-23,92.0511,710.55,48.6722
2016-06-24,89.1439,690.17,47.277
2016-06-27,89.2302,682.49,46.6031
2016-06-28,89.1343,691.37,46.4323
2016-06-29,90.1609,694.26,47.3719
2016-06-30,90.6119,697.65,48.1407
2016-07-01,91.6193,705.1,48.5299
2016-07-05,91.5234,705.01,48.2451
2016-07-06,90.7654,699.84,48.1977
2016-07-07,91.8208,710.11,48.8051
2016-07-08,92.5788,710.56,49.0994
2016-07-11,92.8282,719.42,49.8302
2016-07-12,93.2312,731.92,50.2478
2016-07-13,93.4615,735.52,50.8363
2016-07-14,93.4423,733.94,51.1021
2016-07-15,94.9103,741.0,51.2065
2016-07-18,94.6992,737.91,50.9692
2016-07-19,95.5243,749.87,50.9787
2016-07-20,95.9465,754.05,53.2946
2016-07-21,95.7834,757.0,53.1332
2016-07-22,95.2365,757.32,53.2281
2016-07-25,94.2674,757.68,53.5983
2016-07-26,92.8954,757.52,53.6458
2016-07-27,100.0386,758.97,53.7312
2016-07-28,98.6618,768.84,53.1522
2016-07-29,99.9667,797.71,53.399
2016-08-01,100.1777,786.67,53.7217
2016-08-02,101.7513,797.33,53.959
2016-08-03,100.5615,796.47,53.7976
2016-08-04,101.8491,798.24,53.9115
2016-08-05,102.5147,800.11,54.7183
2016-08-08,103.7205,806.0,55.1027
2016-08-09,104.4054,804.49,55.2119
2016-08-10,104.8685,807.05,55.2024
2016-08-11,104.6852,810.47,55.079
2016-08-12,103.9713,805.09,55.079
2016-08-15,104.3186,807.21,55.06
2016-08-16,105.756,803.5,55.0211
2016-08-17,105.2447,800.0,54.9543
2016-08-18,105.3701,805.36,54.8397
2016-08-19,104.9264,799.79,54.8492
2016-08-22,105.0132,798.51,55.0116
2016-08-23,104.7527,800.48,55.2981
2016-08-24,104.7286,796.86,55.2026
2016-08-25,103.5951,792.0,55.279
2016-08-26,103.6144,792.49,55.661
2016-08-29,102.8523,793.05,55.5655
2016-08-30,102.0613,792.88,55.3745
2016-08-31,101.9263,789.6,55.0593
2016-09-01,102.3893,791.98,54.4481
2016-09-02,103.8942,795.27,55.0784
2016-09-06,104.0871,798.39,55.1835
2016-09-07,104.0196,807.93,54.8874
2016-09-08,103.4601,805.22,55.0402
2016-09-09,100.9423,798.77,54.238
2016-09-12,99.0226,784.52,53.4835
2016-09-13,103.7109,794.01,53.961
2016-09-14,104.8878,787.53,53.856
2016-09-15,109.8365,790.01,53.6267
2016-09-16,111.052,799.02,55.0402
2016-09-19,111.1195,801.11,54.6964
2016-09-20,109.0551,800.0,54.7728
2016-09-21,109.8268,801.26,54.9256
2016-09-22,110.3092,810.0,55.3172
2016-09-23,110.3767,815.14,55.2695
2016-09-26,107.6949,809.82,54.515
2016-09-27,109.0069,801.83,54.3717
2016-09-28,109.6725,804.08,55.279
2016-09-29,109.1612,807.23,55.2122
2016-09-30,108.486,803.6,54.9829
2016-10-03,108.7271,802.55,54.8254
2016-10-04,109.0648,805.0,54.6964
2016-10-05,109.3927,806.0,54.7155
2016-10-06,109.6821,804.08,55.1453
2016-10-07,110.2706,805.93,55.2504
2016-10-10,110.9555,803.93,55.3077
2016-10-11,113.5408,814.17,55.2886
2016-10-12,113.2032,811.96,54.5436
2016-10-13,112.6629,806.07,54.152
2016-10-14,113.7144,807.45,54.5532
2016-10-17,113.1839,805.99,54.7824
2016-10-18,114.0038,814.21,54.9447
2016-10-19,113.1067,824.52,54.8874
2016-10-20,112.7305,827.56,54.9161
2016-10-21,112.6822,820.0,57.5712
2016-10-24,112.962,830.09,57.2464
2016-10-25,113.782,838.5,58.1155
2016-10-26,110.2706,827.12,58.0773
2016-10-27,111.3124,823.01,57.8863
2016-10-28,109.8461,829.94,57.3133
2016-10-31,109.6339,822.43,57.4565
2016-11-01,109.4506,810.87,57.2751
2016-11-02,107.4634,806.76,57.1318
2016-11-03,107.6079,784.5,56.8549
2016-11-04,105.2324,771.3,56.0144
2016-11-07,106.7353,794.95,57.0936
2016-11-08,106.9583,802.03,57.829
2016-11-09,106.5413,801.83,57.3037
2016-11-10,107.7146,810.0,57.7622
2016-11-11,103.8652,776.81,55.989
2016-11-14,104.4373,771.76,56.3678
2016-11-15,103.3319,765.47,56.0851
2016-11-16,103.458,770.42,56.6716
2016-11-17,106.4735,782.5,58.0851
2016-11-18,106.3862,787.17,58.4408
2016-11-21,106.7741,778.1,58.1716
2016-11-22,108.5484,788.99,58.6331
2016-11-23,107.9764,789.52,58.662
2016-11-25,107.7534,782.61,57.9793
2016-11-28,108.0442,778.35,58.0178
2016-11-29,107.414,788.38,58.3158
2016-11-30,108.2091,789.1,58.5177
2016-12-01,107.0116,778.55,57.7966
2016-12-02,105.8529,761.9,56.8062
2016-12-05,106.6577,770.0,57.4024
2016-12-06,106.1729,780.19,58.1043
2016-12-07,105.9402,779.95,57.7005
2016-12-08,107.4916,792.95,58.9408
2016-12-09,108.8975,799.3,58.8254
2016-12-12,109.8477,804.82,59.4408
2016-12-13,110.381,812.39,60.0946
2016-12-14,111.5446,815.92,60.5754
2016-12-15,111.8742,817.36,60.2869
2016-12-16,112.9311,818.31,60.5273
2016-12-19,112.2815,809.28,60.1523
2016-12-20,113.1929,813.37,61.2388
2016-12-21,113.2511,815.72,60.9888
2016-12-22,112.8148,809.1,61.3831
2016-12-23,112.0778,808.01,61.0081
2016-12-27,112.9796,808.68,60.7773
2016-12-28,113.9492,813.33,60.96
2016-12-29,112.9117,802.33,60.4408
2016-12-30,113.1056,803.21,60.5369
2017-01-03,112.2815,800.62,60.3735
2017-01-04,112.3299,809.89,60.0754
2017-01-05,112.3978,807.5,59.7966
2017-01-06,113.2317,814.99,59.9023
2017-01-09,114.3661,826.37,60.3446
2017-01-10,115.1612,827.07,60.3158
2017-01-11,115.1321,826.62,60.2004
2017-01-12,115.2824,828.38,60.6331
2017-01-13,115.4909,831.0,60.21
2017-01-17,114.7443,830.0,60.2677
2017-01-18,116.3538,829.8,60.2581
2017-01-19,115.7721,829.0,59.8446
2017-01-20,116.7902,829.09,60.2581
2017-01-23,116.3538,831.61,60.2869
2017-01-24,115.9175,846.98,60.7677
2017-01-25,116.7611,853.55,61.4888
2017-01-26,117.9731,859.05,61.6523
2017-01-27,118.4288,859.0,62.8734
2017-01-30,117.2556,837.06,63.1619
2017-01-31,117.4689,819.5,62.3638
2017-02-01,123.1702,824.0,61.8782
2017-02-02,124.0865,815.0,60.8158
2017-02-03,124.4114,823.13,61.0561
2017-02-06,125.2064,820.92,61.0561
2017-02-07,126.5736,825.5,61.2869
2017-02-08,127.359,830.53,61.1234
2017-02-09,128.2033,831.73,61.0754
2017-02-10,128.9921,832.95,61.7773
2017-02-13,129.5959,837.7,61.7677
2017-02-14,129.9757,839.77,62.3066
2017-02-15,131.972,838.81,62.3936
2017-02-16,132.1181,838.5,62.6258
2017-02-17,131.563,841.31,62.3646
2017-02-21,132.6634,847.99,62.5
2017-02-22,132.8582,848.0,62.2292
2017-02-23,133.7833,851.08,62.3163
2017-02-24,132.3518,847.65,62.4227
2017-02-27,133.5496,844.95,62.4323
2017-02-28,133.4912,847.35,61.9874
2017-03-01,134.28,851.38,62.0357
2017-03-02,136.3347,856.31,62.5774
2017-03-03,135.1467,848.94,61.9003
2017-03-06,135.7163,846.86,61.8809
2017-03-07,135.4193,847.26,62.0938
2017-03-08,135.3122,853.12,62.1615
2017-03-09,135.1077,853.69,63.0611
2017-03-10,135.6044,862.7,62.9837
2017-03-13,135.2148,860.83,62.887
2017-03-14,135.653,863.75,62.4227
2017-03-15,135.7602,867.94,62.442
2017-03-16,137.0359,870.53,62.6355
2017-03-17,137.3085,873.68,62.7903
2017-03-20,136.7242,869.48,62.7903
2017-03-21,138.3895,870.06,63.0611
2017-03-22,136.1838,849.48,62.0261
2017-03-23,137.5617,841.39,62.8193
2017-03-24,137.7954,842.0,63.2256
2017-03-27,135.7407,828.09,62.5194
2017-03-28,137.2209,839.69,62.8386
2017-03-29,139.9184,842.75,62.9934
2017-03-30,140.415,851.98,63.2836
2017-03-31,139.9573,846.83,63.5061
2017-04-03,139.9476,848.75,63.6609
2017-04-04,139.4996,848.0,63.2546
2017-04-05,140.4442,854.71,64.1349
2017-04-06,140.5124,849.5,63.4577
2017-04-07,139.9671,845.0,63.6996
2017-04-10,139.8405,841.54,63.4674
2017-04-11,139.1977,841.7,63.4577
2017-04-12,137.8928,838.46,63.2836
2017-04-13,138.1947,841.04,63.1578
2017-04-17,137.776,841.38,62.916
2017-04-18,137.7078,852.54,63.1965
2017-04-19,138.1655,857.385,63.5061
2017-04-20,137.5228,859.74,63.3223
2017-04-21,138.7108,860.62,63.5254
2017-04-24,139.7431,868.44,65.2763
2017-04-25,140.1423,882.26,65.6826
2017-04-26,140.6877,891.39,65.8567
2017-04-27,140.1545,890.0,65.9244
2017-04-28,140.3176,929.0,66.6596
2017-05-01,141.3012,924.15,66.4371
2017-05-02,143.6773,933.27,67.4335
2017-05-03,141.7784,936.05,67.1143
2017-05-04,142.684,950.29,66.7757
2017-05-05,142.9177,956.72,66.65
2017-05-08,145.1283,947.45,66.7177
2017-05-09,149.8416,961.33,66.6113
2017-05-10,149.6079,956.22,66.737
2017-05-11,149.0716,951.29,66.1276
2017-05-12,151.2717,957.85,66.3694
2017-05-15,152.5527,955.29,65.9148
2017-05-16,152.4843,963.55,66.3801
2017-05-17,150.1961,959.7,67.0222
2017-05-18,147.9178,943.2,65.5726
2017-05-19,149.981,952.82,65.6699
2017-05-22,150.5873,957.0,66.0494
2017-05-23,151.4673,969.96,66.8568
2017-05-24,150.4308,975.26,67.0028
2017-05-25,150.3232,979.0,67.1001
2017-05-26,150.5873,992.0,67.9076
2017-05-30,150.0201,992.5,67.8978
2017-05-31,150.5579,996.21,68.6178
2017-06-01,149.7756,990.96,68.3356
2017-06-02,150.1766,988.59,68.5302
2017-06-05,150.9197,997.89,70.0187
2017-06-06,150.4895,1003.31,70.3398
2017-06-07,151.5846,998.82,70.6657
2017-06-08,151.8096,1004.23,70.5441
2017-06-09,151.7509,1005.49,70.082
2017-06-12,142.5103,958.72,67.3725
2017-06-13,143.8988,972.04,68.1216
2017-06-14,144.2313,975.5,68.9875
2017-06-15,140.1439,948.02,67.3919
2017-06-16,140.5937,957.91,67.8395
2017-06-19,140.4764,969.65,68.5886
2017-06-20,143.6153,975.31,68.8999
2017-06-21,142.2952,970.79,68.3064
2017-06-22,142.5396,976.87,68.6275
2017-06-23,141.9138,975.5,68.1897
2017-06-26,143.9086,990.0,69.4642
2017-06-27,141.7965,961.6,68.2092
2017-06-28,141.288,950.66,67.3336
2017-06-29,141.5031,951.35,67.499
2017-06-30,141.2489,943.99,66.9152
2017-07-03,141.6694,933.22,67.4503
2017-07-05,140.5057,924.2,66.4045
2017-07-06,139.8506,925.0,66.419
2017-07-07,139.7332,930.985,66.8374
2017-07-10,140.9164,941.95,67.5768
2017-07-11,141.5227,950.52,68.1021
2017-07-12,142.6374,960.86,68.7734
2017-07-13,142.2756,970.8,69.5615
2017-07-14,144.6909,974.0,70.2814
2017-07-17,145.522,976.32,70.8262
2017-07-18,145.8936,973.36,71.1084
2017-07-19,147.1453,990.01,71.5072
2017-07-20,148.1427,997.0,72.1688
2017-07-21,146.6661,989.0,71.4586
2017-07-24,147.243,994.1,71.5364
2017-07-25,148.436,970.7,71.7991
2017-07-26,149.9517,972.78,72.3245
2017-07-27,150.3428,969.18,71.7602
2017-07-28,146.5683,947.99,70.6998
2017-07-31,146.5781,960.0,71.3127
2017-08-01,153.5794,947.81,71.1181
2017-08-02,155.7502,948.37,70.583
2017-08-03,153.5697,949.1,70.2328
2017-08-04,152.6114,943.95,70.4371
2017-08-07,153.5794,947.52,70.8262
2017-08-08,155.0853,944.29,70.1355
2017-08-09,155.7307,938.45,70.2911
2017-08-10,156.9706,935.0,69.9506
2017-08-11,153.731,923.71,69.6685
2017-08-14,156.4012,939.07,71.0792
2017-08-15,157.7166,941.03,71.9763
2017-08-16,158.9732,941.25,71.7318
2017-08-17,157.5792,942.95,71.9665
2017-08-18,154.9679,926.98,70.6852
2017-08-21,154.6145,925.77,70.8808
2017-08-22,155.3312,926.96,70.7635
2017-08-23,156.1558,937.0,71.3601
2017-08-24,157.4909,943.71,71.1449
2017-08-25,156.7252,939.21,71.2623
2017-08-28,157.2062,931.88,71.4579
2017-08-29,157.1669,919.95,70.6657
2017-08-30,160.7991,935.67,71.409
2017-08-31,160.6421,946.3,72.4066
2017-09-01,161.7808,957.47,73.0717
2017-09-05,160.75,946.86,71.7318
2017-09-06,159.7291,943.87,72.123
2017-09-07,159.1205,944.25,72.0643
2017-09-08,157.913,949.7,72.7001
2017-09-11,157.5596,947.2,72.6805
2017-09-12,159.6309,946.92,73.1206
2017-09-13,156.9411,945.5,73.2869
2017-09-14,156.0772,946.0,73.3554
2017-09-15,155.5668,940.09,73.1891
2017-09-18,157.1767,935.01,73.5803
2017-09-19,156.5877,933.41,73.5608
2017-09-20,155.0072,937.73,73.6977
2017-09-21,152.9457,948.13,73.463
2017-09-22,149.2349,942.77,72.3675
2017-09-25,147.2421,939.45,72.4653
2017-09-26,148.9993,936.69,72.0545
2017-09-27,150.9823,942.74,71.9372
2017-09-28,151.0707,956.25,71.9274
2017-09-29,150.4031,966.0,72.3186
2017-10-02,151.4339,975.65,73.0717
2017-10-03,151.1885,967.56,73.0326
2017-10-04,150.8154,971.76,72.3773
2017-10-05,151.3554,972.79,73.5705
2017-10-06,152.1309,980.0,74.0107
2017-10-09,152.9555,995.0,74.3041
2017-10-10,153.196,995.3,74.6562
2017-10-11,153.1126,989.04,74.6855
2017-10-12,153.4856,1003.84,74.8127
2017-10-13,153.8586,1009.11,75.8886
2017-10-16,155.0072,1009.63,75.7223
2017-10-17,156.8528,1007.44,75.7712
2017-10-18,157.481,1011.05,75.9668
2017-10-19,153.8783,1004.75,75.869
2017-10-20,153.7408,1007.05,76.6026
2017-10-23,154.0157,1005.18,77.2579
2017-10-24,153.4267,986.5,77.1698
2017-10-25,154.0353,986.27,76.8569
2017-10-26,154.3495,998.47,77.4633
2017-10-27,156.3717,1030.99,82.5199
2017-10-30,160.8875,1029.16,81.8646
2017-10-31,164.824,1033.0,82.5101
2017-11-01,166.7579,1036.32,81.845
2017-11-02,164.5688,1039.99,81.5223
2017-11-03,170.8123,1042.75,82.2363
2017-11-06,169.2072,1049.1,82.3536
2017-11-07,170.7239,1049.65,82.9111
2017-11-08,171.4602,1050.05,82.2949
2017-11-09,171.9019,1048.0,82.2656
2017-11-10,172.5199,1043.87,81.9526
2017-11-13,170.9337,1040.8,81.8255
2017-11-14,170.4805,1037.72,81.669
2017-11-15,167.4559,1035.0,82.0496
2017-11-16,168.648,1038.75,81.6859
2017-11-17,168.5101,1049.8,81.7056
2017-11-20,167.7712,1036.0,80.9978
2017-11-21,168.2539,1040.04,81.3321
2017-11-22,170.7958,1051.16,82.4035
2017-11-24,172.51,1054.39,81.5975
2017-11-27,172.4608,1058.57,81.8924
2017-11-28,171.7219,1073.99,82.6394
2017-11-29,170.0766,1056.18,83.2685
2017-11-30,167.9091,1039.94,82.089
2017-12-01,167.4362,1030.41,82.1774
2017-12-04,169.9288,1027.8,82.9835
2017-12-05,166.5594,1010.99,79.9559
2017-12-06,165.0224,1016.52,80.1623
2017-12-07,166.5298,1036.07,81.1355
2017-12-08,167.9682,1051.81,82.2069
2017-12-11,166.6973,1051.11,82.8557
2017-12-12,169.6037,1050.0,83.8583
2017-12-13,169.9485,1052.08,84.281
2017-12-14,169.85,1055.49,83.9763
2017-12-15,171.0618,1063.78,83.8092
2017-12-18,172.2933,1076.45,85.6375
2017-12-19,172.4411,1083.02,84.8806
2017-12-20,172.2834,1080.92,84.7332
2017-12-21,171.5938,1075.39,84.5857
2017-12-22,172.0962,1070.0,83.9468
2017-12-26,168.2736,1068.64,83.8583
2017-12-27,167.584,1066.6,84.1925
2017-12-28,168.4707,1062.25,84.4383
2017-12-29,167.9978,1055.49,84.1729
2018-01-02,167.6431,1053.02,84.6595
2018-01-03,169.978,1073.93,84.5906
2018-01-04,169.9879,1097.09,85.1165
2018-01-05,170.8746,1103.45,86.1683
2018-01-08,171.7711,1111.0,86.6991
2018-01-09,171.9682,1118.44,87.1415
2018-01-10,170.5987,1107.0,86.3649
2018-01-11,172.0076,1112.31,86.6303
2018-01-12,173.5741,1110.1,87.1611
2018-01-16,175.2686,1140.31,88.5668
2018-01-17,173.5445,1136.36,87.5642
2018-01-18,176.7169,1139.35,88.2719
2018-01-19,175.9681,1138.03,88.6061
2018-01-22,174.6775,1143.82,88.4685
2018-01-23,174.6775,1170.62,90.3362
2018-01-24,174.6282,1184.98,90.9751
2018-01-25,171.9238,1180.71,90.8916
2018-01-26,169.4559,1187.53,91.5354
2018-01-29,167.6431,1188.0,93.521
2018-01-30,163.0767,1177.72,91.7124
2018-01-31,164.4018,1183.81,92.1547
2018-02-01,164.6924,1175.99,93.177
2018-02-02,163.5446,1127.42,92.0466
2018-02-05,156.7467,1100.61,89.019
2018-02-06,152.5399,1033.98,85.4114
2018-02-07,160.6728,1084.97,88.9502
2018-02-08,157.9191,1059.87,88.1834
2018-02-09,155.3777,1025.88,84.8315
2018-02-12,156.7923,1056.67,87.225
2018-02-13,160.2051,1050.0,87.4167
2018-02-14,161.2883,1054.32,87.4125
2018-02-15,167.9607,1083.45,90.079
2018-02-16,170.503,1093.38,91.3037
2018-02-20,170.1963,1092.76,90.3408
2018-02-21,170.9679,1109.1,91.8271
2018-02-22,169.949,1119.17,90.9086
2018-02-23,171.7989,1118.66,91.5999
2018-02-26,174.45,1131.86,93.2295
2018-02-27,177.1704,1143.7,94.5529
2018-02-28,177.3286,1122.0,93.664
2018-03-01,176.6164,1109.54,92.8246
2018-03-02,170.9382,1057.98,90.4445
2018-03-05,173.3223,1078.13,91.195
2018-03-06,175.9932,1102.1,93.1702
2018-03-07,173.0552,1092.82,92.0049
2018-03-08,173.5894,1117.2,93.1011
2018-03-09,176.0426,1139.5,94.1085
2018-03-12,178.3475,1165.05,95.3035
2018-03-13,180.6228,1171.83,95.7973
2018-03-14,178.3772,1145.8,93.9406
2018-03-15,176.5768,1149.57,92.3703
2018-03-16,176.7252,1155.35,93.506
2018-03-19,175.4095,1117.76,92.5777
2018-03-20,173.3519,1098.4,91.8962
2018-03-21,173.1541,1092.57,91.7777
2018-03-22,168.1684,1080.01,90.1334
2018-03-23,166.5757,1051.37,88.3902
2018-03-26,166.2592,1050.6,89.4865
2018-03-27,171.8088,1063.9,93.7628
2018-03-28,165.448,1001.91,88.7063
2018-03-29,165.997,1011.21,89.0618
2018-04-02,166.0712,1027.62,89.3482
2018-04-03,165.8338,1016.15,88.4643
2018-04-04,163.1036,998.23,86.7607
2018-04-05,170.7206,1046.39,91.2889
2018-04-06,169.1279,1023.1,90.3556
2018-04-09,168.0497,1020.04,89.9112
2018-04-10,171.1361,1030.26,91.2444
2018-04-11,170.3744,1032.0,90.8691
2018-04-12,171.5417,1031.47,91.2839
2018-04-13,172.8969,1046.89,92.8838
2018-04-16,173.1443,1045.55,92.9036
2018-04-17,174.5885,1061.2,93.8221
2018-04-18,175.8943,1079.01,95.0269
2018-04-19,173.0651,1069.02,95.2442
2018-04-20,168.757,1084.27,94.7208
2018-04-23,165.0373,1082.98,94.5564
2018-04-24,163.8851,1059.2,95.0487
2018-04-25,160.8679,1029.75,92.1431
2018-04-26,162.3518,1033.22,92.39
2018-04-27,162.233,1045.54,96.3898
2018-04-30,160.3834,1034.42,95.1356
2018-05-01,164.6173,1016.3,92.0542
2018-05-02,173.3371,1034.0,93.8122
2018-05-03,173.985,1025.37,91.8073
2018-05-04,176.3295,1019.61,92.1629
2018-05-07,183.1849,1053.89,93.9899
2018-05-08,182.9969,1064.62,94.6572
2018-05-09,184.5401,1064.1,94.8195
2018-05-10,185.7173,1095.0,96.2515
2018-05-11,188.1712,1100.41,96.5873
2018-05-14,187.6945,1105.57,96.7058
2018-05-15,185.48,1096.9,96.0343
2018-05-16,184.775,1085.09,96.5696
2018-05-17,186.6915,1081.46,95.9745
2018-05-18,185.8872,1066.0,95.2305
2018-05-21,186.6915,1079.0,96.2125
2018-05-22,187.0639,1089.8,96.887
2018-05-23,185.053,1070.0,95.9249
2018-05-24,187.4562,1086.9,97.9235
2018-05-25,186.9199,1086.55,97.502
2018-05-29,186.2943,1076.0,97.0457
2018-05-30,186.4135,1073.48,97.5119
2018-05-31,185.917,1082.0,98.4839
2018-06-01,186.6828,1112.87,98.4738
2018-06-04,190.3013,1138.5,100.4379
2018-06-05,191.7213,1154.66,101.1719
2018-06-06,192.2824,1152.77,101.648
2018-06-07,192.7888,1144.58,101.8166
2018-06-08,189.8395,1131.21,100.2717
2018-06-11,190.0182,1132.94,100.547
2018-06-12,190.053,1141.02,100.2792
2018-06-13,191.0808,1152.28,100.8942
2018-06-14,190.2168,1152.21,100.8248
2018-06-15,188.7074,1159.92,100.6859
2018-06-18,186.5724,1152.69,99.1981
2018-06-19,183.8515,1170.11,98.841
2018-06-20,185.053,1183.3,100.547
2018-06-21,185.9468,1185.51,101.2463
2018-06-22,184.8246,1171.49,99.5948
2018-06-25,182.1236,1155.0,99.1881
2018-06-26,181.7164,1144.14,98.0177
2018-06-27,183.9386,1136.0,98.7716
2018-06-28,182.8187,1112.39,96.5894
2018-06-29,184.9934,1132.31,98.1268
2018-07-02,182.5406,1115.35,97.3036
2018-07-03,186.483,1149.42,99.6643
2018-07-05,183.9706,1124.6,98.6922
2018-07-06,184.1295,1141.77,99.0741
2018-07-09,188.1811,1160.0,100.82
2018-07-10,189.3827,1169.99,101.1719
2018-07-11,187.1881,1155.62,100.3288
2018-07-12,188.2109,1174.86,101.9357
2018-07-13,189.7501,1202.8,103.5227
2018-07-16,190.187,1203.81,104.5443
2018-07-17,188.4294,1182.74,103.7607
2018-07-18,190.4452,1208.53,105.0799
2018-07-19,188.3698,1206.65,104.0781
2018-07-20,190.4452,1199.24,107.2026
2018-07-23,189.3529,1195.66,105.437
2018-07-24,191.1106,1271.0,107.6886
2018-07-25,191.7165,1252.62,107.0786
2018-07-26,193.2555,1267.18,109.841
2018-07-27,193.6329,1289.12,109.2855
2018-07-30,190.5644,1245.05,106.3198
2018-07-31,188.9755,1231.71,105.6255
2018-08-01,197.7441,1239.11,105.1692
2018-08-02,199.184,1218.5,104.5443
2018-08-03,205.5891,1245.18,106.9248
2018-08-06,206.5524,1241.61,107.2422
2018-08-07,207.8632,1252.01,107.6787
2018-08-08,204.6159,1256.72,108.4424
2018-08-09,205.8374,1262.73,108.8193
2018-08-10,206.639,1259.18,108.5317
2018-08-13,206.9778,1251.2,108.3531
2018-08-14,209.4243,1252.5,107.6787
2018-08-15,208.4925,1244.28,108.0234
2018-08-16,211.0137,1241.99,107.8342
2018-08-17,212.6979,1222.04,106.8982
2018-08-20,217.3417,1220.66,107.0476
2018-08-21,216.0462,1223.02,106.4601
2018-08-22,213.3556,1214.22,105.3947
2018-08-23,213.9037,1219.88,106.6891
2018-08-24,215.8469,1226.0,107.2069
2018-08-27,216.395,1244.14,108.8
2018-08-28,218.2485,1255.9,109.4671
2018-08-29,219.3845,1255.0,109.975
2018-08-30,222.4738,1263.4,111.1897
2018-08-31,225.7224,1252.21,111.2046
2018-09-04,227.6158,1222.52,110.3732
2018-09-05,228.1938,1209.22,110.5325
2018-09-06,225.4434,1198.57,107.7844
2018-09-07,221.0786,1172.0,107.7645
2018-09-10,220.1818,1184.2,108.3719
2018-09-11,217.252,1171.1,108.4316
2018-09-12,224.1579,1182.0,110.9507
2018-09-13,222.7428,1179.7,111.6378
2018-09-14,224.9651,1188.0,112.8724
2018-09-17,221.3776,1177.77,113.201
2018-09-18,217.0327,1162.66,111.7075
2018-09-19,217.7403,1168.96,112.5638
2018-09-20,219.4742,1180.67,111.7971
2018-09-21,220.0123,1194.92,113.5097
2018-09-24,216.0661,1159.41,112.5439
2018-09-25,218.9859,1184.25,114.3062
2018-09-26,220.2316,1193.69,113.9777
2018-09-27,223.0418,1200.0,114.2863
2018-09-28,224.0084,1204.09,113.6989
2018-10-01,227.1574,1213.0,114.2565
2018-10-02,226.4599,1206.67,114.8041
2018-10-03,229.2501,1212.0,114.9236
2018-10-04,229.9776,1205.03,114.1171
2018-10-05,227.1674,1176.0,112.1456
2018-10-08,221.4374,1160.0,111.1797
2018-10-09,222.8624,1151.31,110.662
2018-10-10,224.6761,1136.4,110.7616
2018-10-11,213.7741,1079.04,104.8969
2018-10-12,219.6536,1119.64,108.5411
2018-10-15,220.391,1118.0,108.4416
2018-10-16,218.1688,1113.48,109.0689
2018-10-17,221.5271,1140.0,111.1997
2018-10-18,217.1025,1130.0,109.6265
2018-10-19,217.3018,1103.71,108.4615
2018-10-22,219.0258,1112.51,108.8498
2018-10-23,215.0796,1091.29,107.3065
2018-10-24,221.826,1115.0,107.9437
2018-10-25,216.953,1080.3,106.0917
2018-10-26,215.1493,1048.33,105.2354
2018-10-29,218.4279,1096.54,107.64
2018-10-30,210.4158,1020.01,103.2142
2018-10-31,216.1259,1068.2,104.9815
2018-11-01,218.2884,1091.4,106.5896
2018-11-02,208.8214,1089.0,106.022
2018-11-05,203.5896,1072.53,105.9125
2018-11-06,201.2179,1055.02,106.9182
2018-11-07,205.2538,1083.49,108.9693
2018-11-08,209.98,1107.3,111.3191
2018-11-09,205.55,1084.02,110.3732
2018-11-12,199.0,1073.13,108.9494
2018-11-13,191.63,1054.81,107.0874
2018-11-14,193.9,1060.0,108.1
2018-11-15,188.39,1051.46,104.99
2018-11-16,190.5,1065.23,107.08
2018-11-19,190.0,1063.39,108.27
2018-11-20,178.37,1007.29,101.8
2018-11-21,179.73,1045.31,103.6
2018-11-23,174.94,1033.5,102.17
2018-11-26,174.24,1044.0,104.79
2018-11-27,171.51,1051.34,106.27
2018-11-28,176.73,1057.46,107.89
2018-11-29,182.66,1083.53,110.33
2018-11-30,180.29,1095.63,110.7
2018-12-03,184.46,1132.16,113.0
2018-12-04,180.95,1112.99,111.94
2018-12-06,171.76,1045.0,105.82
2018-12-07,173.49,1072.23,108.38
2018-12-10,165.0,1042.94,104.8
2018-12-11,171.66,1066.94,109.8
2018-12-12,170.4,1077.08,110.89
2018-12-13,170.49,1075.67,109.58
2018-12-14,169.0,1060.02,108.25
2018-12-17,165.45,1047.01,105.41
2018-12-18,165.38,1034.0,103.75
2018-12-19,166.0,1047.29,103.65
2018-12-20,160.4,1026.0,103.05
2018-12-21,156.86,1032.04,101.63
2018-12-24,148.15,984.32,97.68
2018-12-26,148.3,997.99,95.14
2018-12-27,155.84,1026.2,99.3
2018-12-28,157.5,1059.5,102.09
2018-12-31,158.53,1057.83,101.29
